,,,,,,,Available,,,,
Inventory,,,,,,,,,,,
"CAPS/KNOCKOFFS (WHEEL ACCESSORIES:  'Rocket Racing Wheels' Center Caps, Knockoffs...",,,,,,,,,,,
C102S (Polished 4x4  Push-Thru Closed Center Caps 4.25' diameter),,,,,,,84,,,,
C104S (Polished 4x4  Push-Thru Open Center Caps 4.25' diameter),,,,,,,77,,,,
LC1-INJ1 ('Rocket Injector'  Polished Lug Cover),,,,,,,488,,,,
LC1-SFP1 ('Rocket Fire & Solid'  Polished Lug Cover),,,,,,,182,,,,
LC3-SFP3 ('Rocket Fire & Solid'  Gray Painted Lug Cover),,,,,,,309,,,,
LCM-SFM0 ('Rocket Fire & Solid'  As Cast Lug Cover),,,,,,,95,,,,
RA2-995002L ('Rocket Fire & Solid'  LEFT HAND THREAD Long Spinner Adapter),,,,,,,366,,,,
RA2-995002R ('Rocket Fire & Solid'  RIGHT HAND THREAD Long Spinner Adapter),,,,,,,345,,,,
RB1-0201 ('Rocket Racing Wheels' Polished Bullet Center Cap),,,,,,,338,,,,
RB4-0202 ('Rocket Racing Wheels' Chrome Bullet Center Cap),,,,,,,454,,,,
RBM-0203 ('Rocket Racing Wheels' As Cast/Media Blast Bullet Center Cap),,,,,,,15,,,,
RC-ORing1 ('Rocket Racing Wheels' O-Ring Replacement for Center Cap),,,,,,,69,,,,
RC0-01601 (Do NOT ORDER THIS Part# again.  Should be Media Blast instead),,,,,,,188,,,,
RC1-01501 ('Rocket Racing Wheels' Polished Dome Center Cap),,,,,,,20,,,,
RC4-01401 ('Rocket Racing Wheels' Chrome Center Cap),,,,,,,13,,,,
RCM-01701 ('Rocket Racing Wheels' As Cast/Media Blast Center Cap),,,,,,,1,,,,
"RS1-D102 (Deep Angle Spinner Polished, PAIR, 1 Left Hand & 1 Right Hand)",,,,,,,161,,,,
"RS1-F101 (Flat Angle Spinner Polished, PAIR, 1 Left Hand & 1 Right Hand)",,,,,,,78,,,,
"RS4-D102 (Deep Angle Spinner Chrome, PAIR, 1 Left Hand & 1 Right Hand)",,,,,,,72,,,,
"RS4-F101 (Flat Angle Spinner Chrome, PAIR, 1 Left Hand & 1 Right Hand)",,,,,,,55,,,,
SFG-D102K ((Pair) Rocket Solid/Fire Gray Lug Covers with Polished Deep Spinners a...,,,,,,,0,,,,
SFG-F101K ((Pair) Rocket Solid/Fire Gray Lug Covers with Polished Flat Spinners a...,,,,,,,0,,,,
SFM-D102K ((Pair) Rocket Solid/Fire As Cast Lug Covers with Polished Deep Spinner...,,,,,,,0,,,,
SFM-F101K ((Pair) Rocket Solid/Fire As Cast Lug Covers with Polished Flat Spinner...,,,,,,,0,,,,
SFP-D102K ((Pair) Rocket Solid/Fire Polished Lug Covers with Polished Deep Spinne...,,,,,,,0,,,,
SFP-F101K ((Pair) Rocket Solid/Fire Polished Lug Covers with Polished Flat Spinne...,,,,,,,0,,,,
TTD1-01801 (Track & Touring Machined Dome Center Cap),,,,,,,8,,,,
"TTF1-01801 (Track & Touring Machined Flat, Flush Mount Center Cap)",,,,,,,215,,,,
"CAPS/KNOCKOFFS (WHEEL ACCESSORIES:  'Rocket Racing Wheels' Center Caps, ...) - Other",,,,,,,0,,,,
"Total CAPS/KNOCKOFFS (WHEEL ACCESSORIES:  'Rocket Racing Wheels' Center Caps, Knockoffs...",,,,,,,3633,,,,
LTR14 (LTR14 - LIGHT TRUCK BOOSTER 6 HI LUSTER CHROME),,,,,,,,,,,
"LTR14-2953500 (20x9 Booster Hi Luster Chrome, 1997-2003 Ford Trucks 5x135, 0mm of...",,,,,,,10,,,,
"LTR14-2955200 (20x9 Booster Hi Luster Chrome, Classic Ford & Dodge Trucks 5x5 1/2...",,,,,,,19,,,,
"LTR14-2955570 (SLOW...20x9 Booster Hi Luster Chrome, Classic Ford & Dodge Trucks ...",,,,,,,25,,,,
"LTR14-2963500 (SLOW...20x9 Booster Hi Luster Chrome, 2004-up Ford Trucks, 6x135, ...",,,,,,,20,,,,
"LTR14-2965200 (20x9 Booster Hi Luster Chrome, Classic & Late Model Chevy/GMC Truc...",,,,,,,10,,,,
"LTR14-2965570 (SLOW...20x9 Booster Hi Luster Chrome, Classic & Late Model Chevy/G...",,,,,,,-5,,,,
LTR14 (LTR14 - LIGHT TRUCK BOOSTER 6 HI LUSTER CHROME) - Other,,,,,,,0,,,,
Total LTR14 (LTR14 - LIGHT TRUCK BOOSTER 6 HI LUSTER CHROME),,,,,,,79,,,,
LTR16 (LTR16 - LIGHT TRUCK BOOSTER 6 HYPER SHOT),,,,,,,,,,,
"LTR16-2953500 (20x9 Booster Hyper Shot, 1997-2003 Ford Trucks 5x135, 0mm offset -...",,,,,,,12,,,,
"LTR16-2955200 (20x9 Booster Hyper Shot, Classic Ford & Dodge Trucks 5x5 1/2, 0mm ...",,,,,,,27,,,,
"LTR16-2955570 (SLOW...20x9 Booster Hyper Shot, Classic Ford & Dodge Trucks 5x5 1/...",,,,,,,19,,,,
"LTR16-2963500 (SLOW...20x9 Booster Hyper Shot, 2004-up Ford Trucks, 6x135, 0mm of...",,,,,,,6,,,,
"LTR16-2965200 (20x9 Booster Hyper Shot, Classic & Late Model Chevy/GMC Trucks 6x5...",,,,,,,38,,,,
"LTR16-2965570 (SLOW...20x9 Booster Hyper Shot, Classic & Late Model Chevy/GMC Tru...",,,,,,,9,,,,
LTR16 (LTR16 - LIGHT TRUCK BOOSTER 6 HYPER SHOT) - Other,,,,,,,0,,,,
Total LTR16 (LTR16 - LIGHT TRUCK BOOSTER 6 HYPER SHOT),,,,,,,111,,,,
LUGS/INSTALL KITS (WHEEL ACCESSORIES:  LUG NUTS AND INSTALL KITS),,,,,,,,,,,
C1002B (7/16' Bullet Acorn Lug Nut),,,,,,,1872,,,,
"C1002B-SET (7/16' Bullet Acorn Lug Nuts, Set of 20)",,,,,,,0,,,,
C1004B (1/2' Bullet Acorn Lug Nut),,,,,,,1117,,,,
"C1004B-SET (1/2' Bullet Acorn Lug Nuts, Set of 20)",,,,,,,0,,,,
C1007B (12mm 1.5' Bullet Acorn Lug Nut),,,,,,,2015,,,,
"C1007B-SET (12mm 1.5' Bullet Acorn Lug Nuts, Set of 20)",,,,,,,1,,,,
C1302B (7/16' Bulge Open End Acorn Lug Nut - 3/4' Hex),,,,,,,1799,,,,
"C1302B-SET (7/16' Bulge Open End Acorn Lug Nuts - 3/4' Hex, Set of 20)",,,,,,,1,,,,
C1304B (1/2' Bulge Open End Acorn Lug Nut - 3/4' Hex),,,,,,,1660,,,,
"C1304B-SET (1/2' Bulge Open End Acorn Lug Nuts - 3/4' Hex, Set of 20)",,,,,,,0,,,,
C1307B (12mm 1.5' Bulge Open End Acorn Lug Nut - 3/4' Hex),,,,,,,1111,,,,
"C1307B-SET (12mm 1.5' Bulge Open End Acorn Lug Nuts - 3/4' Hex, Set of 20)",,,,,,,31,,,,
"C1702B (7/16' Bulge Acorn Lug Nut, BLACK - 3/4' Hex)",,,,,,,1016,,,,
"C1702B-SET (7/16' Bulge Acorn Lug Nuts, BLACK - 3/4' Hex, Set of 20)",,,,,,,0,,,,
"C1702H (7/16' Bulge Acorn Lug Nut, Chrome - 3/4' Hex)",,,,,,,2197,,,,
"C1702H-SET (7/16' Bulge Acorn Lug Nuts, Chrome - 3/4' Hex, Set of 20)",,,,,,,0,,,,
"C1704B (1/2' Bulge Acorn Lug Nut, BLACK - 3/4' Hex)",,,,,,,1346,,,,
"C1704B-SET (1/2' Bulge Acorn Lug Nuts, BLACK - 3/4' Hex, Set of 20)",,,,,,,4,,,,
"C1704H (1/2' Bulge Acorn Lug Nut, Chrome - 3/4' Hex)",,,,,,,1150,,,,
"C1704H-SET (1/2' Bulge Acorn Lug Nuts, Chrome - 3/4' Hex, Set of 20)",,,,,,,0,,,,
"C1707B (12mm 1.5' Bulge Acorn Lug Nut, BLACK - 3/4' Hex)",,,,,,,1246,,,,
"C1707B-SET (12mm 1.5' Bulge Acorn Lug Nuts, BLACK - 3/4' Hex, Set of 20)",,,,,,,8,,,,
"C1707H (12mm 1.5' Bulge Acorn Lug Nut, Chrome - 3/4' Hex)",,,,,,,1549,,,,
"C1707H-SET (12mm 1.5' Bulge Acorn Lug Nuts, Chrome - 3/4' Hex, Set of 20)",,,,,,,0,,,,
"C1709B (14mm 1.5' Bulge Acorn Lug Nut, Black - 3/4' Hex)",,,,,,,424,,,,
"C1709B-SET (14mm 1.5' Bulge Acorn Lug Nuts, Black - 3/4' Hex, Set of 20)",,,,,,,4,,,,
"C1709H34 (14mm 1.5' Bulge Acorn Lug Nut, Chrome - 3/4' Hex)",,,,,,,2606,,,,
"C1709H34-SET (14mm 1.5' Bulge Acorn Lug Nuts, Chrome - 3/4' Hex, Set of 20)",,,,,,,6,,,,
"C21205BS (7/16' Standard Install Kit (16 Bulge 3/4' Lugs, 4 Locks & 4 Chrome V-St...",,,,,,,0,,,,
"C21405BS (1/2' Standard Install Kit (16 Bulge 3/4' Lugs, 4 Locks & 4 Chrome V-Ste...",,,,,,,0,,,,
"C21705BS (12mm 1.50 Standard Install Kit (16 Bulge 3/4' Lugs, 4 Locks & 4 Chrome ...",,,,,,,24,,,,
C22205B (7/16' Bullet Lug Lock Kit),,,,,,,5,,,,
C22405B (1/2' Bullet Lug Lock Kit),,,,,,,0,,,,
C22705B (12mm 1.5' Bullet Lug Lock Kit),,,,,,,18,,,,
C40205 (7/16' 4 Locks Set for Standard Install Kit),,,,,,,99,,,,
C40405 (1/2' 4 Locks Set for Standard Install Kit),,,,,,,96,,,,
C40705 (12mm 4 Locks Set for Standard Install Kit),,,,,,,107,,,,
C48205C (7/16' 4 Bullet Locks Set for Bullet Lug Lock Kit),,,,,,,36,,,,
C48405C (1/2' 4 Bullet Locks Set for Bullet Lug Lock Kit),,,,,,,19,,,,
C48705C (12mm 4 Bullet Locks Set for Bullet Lug Lock Kit),,,,,,,42,,,,
C504S (Short Chrome Sleeve Rubber Valve Stem),,,,,,,1142,,,,
"C540 (Bullet Valve Cap, Chrome)",,,,,,,147,,,,
"C6002 (7/16' Hex Lug Nut, Chrome)",,,,,,,932,,,,
"C6002-SET (7/16' Hex Lug Nuts, Chrome, Set of 20)",,,,,,,0,,,,
"C6004 (1/2' Hex Lug Nut, Chrome)",,,,,,,663,,,,
"C6004-SET (1/2' Hex Lug Nuts, Chrome, Set of 20)",,,,,,,0,,,,
"C6007 (12mm 1.5' Hex Lug Nut, Chrome)",,,,,,,701,,,,
"C6007-SET (12mm 1.5' Hex Lug Nuts, Chrome, Set of 20)",,,,,,,2,,,,
"C608 (5mm Wheel Spacer, Multi-fit, 4 & 5 Lug)",,,,,,,6,,,,
C6301 (Hex Style Lug Key),,,,,,,60,,,,
C6312 (17mm Deep Well Hex Socket for Bullet Lug Nuts),,,,,,,2,,,,
"C7002 (7/16' Spline Drive Lug Nut, (7 Spline))",,,,,,,916,,,,
"C7002-SET (7/16' Spline Drive Lug Nuts, Set of 20, (7 Spline))",,,,,,,0,,,,
"C7002B (7/16' Spline Drive Lug Nut, BLACK)",,,,,,,83,,,,
"C7002B-SET (7/16' Spline Drive Lug Nuts, BLACK, Set of 20 (6 Spline))",,,,,,,28,,,,
"C7004 (1/2' Spline Drive Lug Nut, (7 Spline))",,,,,,,971,,,,
"C7004-SET (1/2' Spline Drive Lug Nuts, Set of 20, (7 Spline))",,,,,,,0,,,,
"C7004B (1/2' Spline Drive Lug Nut, BLACK, (6 Spline))",,,,,,,293,,,,
"C7004B-SET (1/2' Spline Drive Lug Nuts, BLACK, Set of 20, (6 Spline))",,,,,,,11,,,,
"C7007 (12mm 1.5' Spline Drive Lug Nut, (7 Spline))",,,,,,,1051,,,,
"C7007-SET (12mm 1.5' Spline Drive Lug Nut, Set of 20,  (7 Spline))",,,,,,,31,,,,
"C7007B (12mm 1.5' Spline Drive Lug Nut, BLACK)",,,,,,,490,,,,
"C7007B-SET (12mm 1.5' Spline Drive Lug Nut, BLACK, Set of 20, (6 Spline))",,,,,,,18,,,,
"C7301 (7-Spline Drive Lug Key, for use with Chrome Spline Lugs)",,,,,,,64,,,,
"C7301B (6-Spline Drive Lug Key, for use with Black Spline Lugs)",,,,,,,64,,,,
C7802 (7/16' ET Style Bulge Acorn Lug Nut - 3/4' Hex),,,,,,,936,,,,
C7802-0 (7/16' ET Style Open End Bulge Acorn Lug Nut - 3/4' Hex),,,,,,,1579,,,,
"C7802-0-SET (7/16' ET Style Open End Bulge Acorn Lug Nuts - 3/4' Hex, Set of 20)",,,,,,,2,,,,
"C7802-SET (7/16' ET Style Bulge Acorn Lug Nuts - 3/4' Hex, Set of 20)",,,,,,,0,,,,
C7804 (1/2' ET Style Bulge Acorn Lug Nut - 3/4' Hex),,,,,,,1085,,,,
C7804-0 (1/2' ET Style Open End Bulge Acorn Lug Nut - 3/4' Hex),,,,,,,1177,,,,
"C7804-0-SET (1/2' ET Style Open End Bulge Acorn Lug Nuts - 3/4' Hex, Set of 20)",,,,,,,0,,,,
"C7804-SET (1/2' ET Style Bulge Acorn Lug Nuts - 3/4' Hex, Set of 20)",,,,,,,0,,,,
C7807 (12mm 1.50' ET Style Bulge Acorn Lug Nut - 3/4' Hex),,,,,,,464,,,,
C7807-0 (12mm 1.50' ET Style Open End Bulge Acorn Lug Nut - 3/4' Hex),,,,,,,558,,,,
"C7807-0-SET (12mm 1.50' ET Style Open End Bulge Acorn Lug Nuts - 3/4' Hex, Set of...",,,,,,,24,,,,
"C7807-SET (12mm 1.50' ET Style Bulge Acorn Lug Nuts - 3/4' Hex, Set of 20)",,,,,,,22,,,,
CXXX - NSW PN (Newstalgia Part Numbers.  Not for Sale.  Sell to NSW at cost.),,,,,,,,,,,
C779 (Cragar S/S Center Drill Washer),,,,,,,0,,,,
C780 (Cragar S/S Offset Drill Washer),,,,,,,0,,,,
C8202 (7/16' Cragar S/S Lugs (RH) - NSW Only.),,,,,,,0,,,,
C8204 (1/2' Cragar S/S Lugs (RH) - NSW Only.),,,,,,,0,,,,
C8207 (12mm 1.5' Cragar S/S Lugs (RH) - NSW Only.),,,,,,,0,,,,
"C8854 (1/2 Extended mag lugnut, Starwire.   NSW Only.)",,,,,,,0,,,,
"C8857 (12mmx1.50, Extended mag lug nut, Starwire.  NSW Only.)",,,,,,,0,,,,
CXXX - NSW PN (Newstalgia Part Numbers.  Not for Sale.  Sell to NSW at c...) - Other,,,,,,,0,,,,
Total CXXX - NSW PN (Newstalgia Part Numbers.  Not for Sale.  Sell to NSW at cost.),,,,,,,0,,,,
"HR786710 (Hub Rings 78.10 - 67.10, Set of 4)",,,,,,,35,,,,
"HR787050 (Hub Rings 78.10 - 70.50, Set of 4)",,,,,,,30,,,,
"HR787150 (Hub Rings 78.10 - 71.50, Set of 4)",,,,,,,42,,,,
LUGS/INSTALL KITS (WHEEL ACCESSORIES:  LUG NUTS AND INSTALL KITS) - Other,,,,,,,0,,,,
Total LUGS/INSTALL KITS (WHEEL ACCESSORIES:  LUG NUTS AND INSTALL KITS),,,,,,,35238,,,,
MMR12 (MMR12 - MODERN MUSCLE BOOSTER BLACK),,,,,,,,,,,
"MMR12-216130 (DISCONTINUE...20x10 Booster Black, 2010-up Camaro, 5x120, 30mm offset)",,,,,,,19,,,,
"MMR12-216135 (DISCONTINUE...20x10 Booster Black, 93-02 Camaro, 5x4.75, 35mm offse...",,,,,,,14,,,,
"MMR12-216540 (DISCONTINUE...20x10 Booster Black, 05-up Mustang, 5x4.50, 40mm offs...",,,,,,,22,,,,
"MMR12-216624 (DISCONTINUE...20x10 Booster Black, 09-up Challenger, 5x115, 24mm of...",,,,,,,21,,,,
"MMR12-296120 (DISCONTINUE...20x9 Booster Black, 2010-up Camaro, 5x120, 20mm offset)",,,,,,,13,,,,
"MMR12-296135 (DISCONTINUE...20x9 Booster Black, 93-02 Camaro, 5x4.75, 35mm offset...",,,,,,,16,,,,
"MMR12-296530 (DISCONTINUE...20x9 Booster Black, 05-up Mustang, 5x4.50, 30mm offse...",,,,,,,7,,,,
"MMR12-296620 (DISCONTINUE...20x9 Booster Black, 09-up Challenger & 05-up Charger,...",,,,,,,0,,,,
"MMR12-816135 (DISCONTINUE...18x10 Booster Black, 93-02 Camaro, 5x4.75, 35mm offset)",,,,,,,26,,,,
"MMR12-816525 (DISCONTINUE...18x10 Booster Black, 94-04 Mustang, 5x4.50, 25mm offs...",,,,,,,16,,,,
"MMR12-816540 (DISCONTINUE...18x10 Booster Black, 05-up Mustang, 5x4.50, 40mm offs...",,,,,,,34,,,,
"MMR12-896135 (DISCONTINUE...18x9 Booster Black, 93-02 Camaro, 5x4.75, 35mm offset)",,,,,,,1,,,,
"MMR12-896520 (DISCONTINUE...18x9 Booster Black, 94-04 Mustang, 5x4.50, 20mm offse...",,,,,,,20,,,,
"MMR12-896530 (DISCONTINUE...18x9 Booster Black, 05-up Mustang, 5x4.50, 30mm offse...",,,,,,,1,,,,
"MMR12-896620 (DISCONTINUE...18x9 Booster Black, 09-up Challenger/Charger, 5x115, ...",,,,,,,11,,,,
MMR12 (MMR12 - MODERN MUSCLE BOOSTER BLACK) - Other,,,,,,,0,,,,
Total MMR12 (MMR12 - MODERN MUSCLE BOOSTER BLACK),,,,,,,221,,,,
MMR14 (MMR14 - MODERN MUSCLE BOOSTER CHROME),,,,,,,,,,,
"MMR14-216130 (DISCONTINUE...20x10 Booster Chrome, 2010-up Camaro, 5x120, 30mm off...",,,,,,,0,,,,
"MMR14-216135 (DISCONTINUE...20x10 Booster Chrome, 93-02 Camaro, 5x4.75, 35mm offs...",,,,,,,12,,,,
"MMR14-216540 (DISCONTINUE...20x10 Booster Chrome, 05-up Mustang, 5x4.50, 40mm off...",,,,,,,28,,,,
"MMR14-216624 (DISCONTINUE...20x10 Booster Chrome, 09-up Challenger, 5x115, 24mm o...",,,,,,,-4,,,,
"MMR14-296120 (DISCONTINUE...20x9 Booster Chrome, 2010-up Camaro, 5x120, 20mm offset)",,,,,,,2,,,,
"MMR14-296135 (DISCONTINUE...20x9 Booster Chrome, 93-02 Camaro, 5x4.75, 35mm offset)",,,,,,,7,,,,
"MMR14-296530 (DISCONTINUE...20x9 Booster Chrome, 05-up Mustang, 5x4.50, 30mm offset)",,,,,,,11,,,,
"MMR14-296620 (DISCONTINUE...20x9 Booster Chrome, 09-up Challenger & 05-up Charger...",,,,,,,0,,,,
"MMR14-816135 (DISCONTINUE...18x10 Booster Chrome, 93-02 Camaro, 5x4.75, 35mm offset)",,,,,,,0,,,,
"MMR14-816525 (DISCONTINUE...18x10 Booster Chrome, 94-04 Mustang, 5x4.50, 25mm off...",,,,,,,9,,,,
"MMR14-816540 (DISCONTINUE...18x10 Booster Chrome, 05-up Mustang, 5x4.50, 40mm off...",,,,,,,20,,,,
"MMR14-896135 (DISCONTINUE...18x9 Booster Chrome, 93-02 Camaro, 5x4.75, 35mm offset)",,,,,,,16,,,,
"MMR14-896520 (DISCONTINUE...18x9 Booster Chrome, 94-04 Mustang, 5x4.50, 20mm offset)",,,,,,,20,,,,
"MMR14-896530 (DISCONTINUE...18x9 Booster Chrome, 05-up Mustang, 5x4.50, 30mm offset)",,,,,,,30,,,,
"MMR14-896620 (DISCONTINUE...18x9 Booster Chrome, 09-up Challenger, 5x115 mm, 20mm...",,,,,,,0,,,,
MMR14 (MMR14 - MODERN MUSCLE BOOSTER CHROME) - Other,,,,,,,0,,,,
Total MMR14 (MMR14 - MODERN MUSCLE BOOSTER CHROME),,,,,,,151,,,,
MMR16 (MMR16 - MODERN MUSCLE BOOSTER HYPER SHOT),,,,,,,,,,,
"MMR16-216130 (DISCONTINUE...20x10 Booster Hyper Shot, 2010-up Camaro, 5x120, 30mm...",,,,,,,20,,,,
"MMR16-216135 (DISCONTINUE...20x10 Booster Hyper Shot, 93-02 Camaro, 5x4.75, 35mm ...",,,,,,,1,,,,
"MMR16-216540 (DISCONTINUE...20x10 Booster Hyper Shot, 05-up Mustang, 5x4.50, 40mm...",,,,,,,19,,,,
"MMR16-216624 (DISCONTINUE...20x10 Booster Hyper Shot, 09-up Challenger, 5x115, 24...",,,,,,,24,,,,
"MMR16-296120 (DISCONTINUE...20x9 Booster Hyper Shot, 2010-up Camaro, 5x120, 20mm ...",,,,,,,40,,,,
"MMR16-296135 (DISCONTINUE...20x9 Booster Hyper Shot, 93-02 Camaro, 5x4.75, 35mm o...",,,,,,,46,,,,
"MMR16-296530 (DISCONTINUE...20x9 Booster Hyper Shot, 05-up Mustang, 5x4.50, 30mm ...",,,,,,,31,,,,
"MMR16-296620 (DISCONTINUE...20x9 Booster Hyper Shot, 09-up Challenger & 05-up Cha...",,,,,,,5,,,,
"MMR16-816135 (DISCONTINUE...18x10 Booster Hyper Shot, 93-02 Camaro, 5x4.75, 35mm ...",,,,,,,8,,,,
"MMR16-816525 (DISCONTINUE...18x10 Booster Hyper Shot, 94-04 Mustang, 5x4.50, 25mm...",,,,,,,5,,,,
"MMR16-816540 (DISCONTINUE...18x10 Booster Hyper Shot, 05-up Mustang, 5x4.50, 40mm...",,,,,,,12,,,,
"MMR16-896135 (DISCONTINUE...18x9 Booster Hyper Shot, 93-02 Camaro, 5x4.75, 35mm o...",,,,,,,0,,,,
"MMR16-896520 (DISCONTINUE...18x9 Booster Hyper Shot, 94-04 Mustang, 5x4.50, 20mm ...",,,,,,,26,,,,
"MMR16-896530 (DISCONTINUE...18x9 Booster Hyper Shot, 05-up Mustang, 5x4.50, 30mm ...",,,,,,,12,,,,
"MMR16-896620 (DISCONTINUE...18x9 Booster Hyper Shot, 09-up Challenger/Charger, 5x...",,,,,,,12,,,,
MMR16 (MMR16 - MODERN MUSCLE BOOSTER HYPER SHOT) - Other,,,,,,,0,,,,
Total MMR16 (MMR16 - MODERN MUSCLE BOOSTER HYPER SHOT),,,,,,,261,,,,
R106 (R106 - SUNBURST HYPER SHOT),,,,,,,,,,,
"R106-570440 (15x7 Sunburst Hyper Shot/Machined  5x4.50/4.75, 4.00 bs with Polishe...",,,,,,,-8,,,,
"R106-580437 (15x8 Sunburst Hyper Shot/Machined  5x4.50/4.75, 3.75 bs with Polishe...",,,,,,,31,,,,
"R106-580445 (15x8 Sunburst Hyper Shot/Machined  5x4.50/4.75, 4.50 bs with Polishe...",,,,,,,49,,,,
R106 (R106 - SUNBURST HYPER SHOT) - Other,,,,,,,0,,,,
Total R106 (R106 - SUNBURST HYPER SHOT),,,,,,,72,,,,
R13 (R13 - BOOSTER GRAY PAINTED),,,,,,,,,,,
"R13-2106155 (SLOW...20x10 Booster Gray Painted 5x4.75, 5.50 bs)",,,,,,,10,,,,
"R13-2106555 (SLOW...20x10 Booster Gray Painted 5x4.50, 5.50 bs)",,,,,,,9,,,,
"R13-2107355 (SLOW...20x10 Booster Gray Painted 5x5.00, 5.50 bs 3.45 cb)",,,,,,,8,,,,
"R13-2856152 (SLOW...20x8.5 Booster Gray Painted 5x4.75, 5.25 bs)",,,,,,,11,,,,
"R13-2856552 (SLOW...20x8.5 Booster Gray Painted 5x4.50, 5.25 bs)",,,,,,,19,,,,
"R13-2857352 (SLOW...20x8.5 Booster Gray Painted 5x5.00, 5.25 bs 3.45 cb)",,,,,,,17,,,,
"R13-776142 (17x7 Booster Gray Painted 5x4.75, 4.25 bs)",,,,,,,7,,,,
"R13-776542 (17x7 Booster Gray Painted 5x4.50, 4.25 bs)",,,,,,,13,,,,
"R13-777342 (SLOW...17X7 Booster Gray Painted 5x5.00, 4.25 bs 3.45 cb)",,,,,,,22,,,,
"R13-786145 (17x8 Booster Gray Painted 5x4.75, 4.50 bs)",,,,,,,32,,,,
"R13-786545 (17x8 Booster Gray Painted 5x4.50, 4.50 bs)",,,,,,,18,,,,
"R13-787345 (SLOW...17x8 Booster Gray Painted 5x5.00, 4.50 bs 3.45 cb)",,,,,,,33,,,,
"R13-876145 (18x7 Booster Gray Painted 5x4.75, 4.50 bs)",,,,,,,12,,,,
"R13-876545 (SLOW...18x7 Booster Gray Painted 5x4.50, 4.50 bs)",,,,,,,2,,,,
"R13-877345 (SLOW...18x7 Booster Gray Painted 5x5.00, 4.50 bs 3.45 cb)",,,,,,,19,,,,
"R13-886147 (18x8 Booster Gray Painted 5x4.75, 4.75 bs)",,,,,,,22,,,,
"R13-886547 (18x8 Booster Gray Painted 5x4.50, 4.75 bs)",,,,,,,7,,,,
"R13-887347 (SLOW...18x8 Booster Gray Painted 5x5.00, 4.75 bs  3.45 cb)",,,,,,,20,,,,
"R13-896152 (18x9 Booster Gray Painted 5x4.75, 5.25 bs)",,,,,,,14,,,,
"R13-896552 (SLOW...18x9 Booster Gray Painted 5x4.50, 5.25 bs)",,,,,,,11,,,,
"R13-897352 (DISCONTINUE...18x9 Booster Gray Painted 5x5.00, 5.25 bs  3.45 cb)",,,,,,,11,,,,
R13 (R13 - BOOSTER GRAY PAINTED) - Other,,,,,,,0,,,,
Total R13 (R13 - BOOSTER GRAY PAINTED),,,,,,,317,,,,
R14 (R14 - BOOSTER CHROME),,,,,,,,,,,
"R14-2106155 (20x10 Booster Chrome 5x4.75, 5.50 bs)",,,,,,,1,,,,
"R14-2106555 (SLOW...20x10 Booster Chrome 5x4.50, 5.50 bs)",,,,,,,5,,,,
"R14-2107355 (SLOW...20x10 Booster Chrome 5x5.00, 5.50 bs  3.45 cb)",,,,,,,8,,,,
"R14-2856152 (20x8.5 Booster Chrome 5x4.75, 5.25 bs)",,,,,,,36,,,,
"R14-2856552 (SLOW...20x8.5 Booster Chrome 5x4.50, 5.25 bs)",,,,,,,1,,,,
"R14-2857352 (SLOW...20x8.5 Booster Chrome 5x5.00, 5.25 bs  3.45 cb)",,,,,,,7,,,,
"R14-776142 (17x7 Booster Chrome 5x4.75, 4.25 bs)",,,,,,,-7,,,,
"R14-776542 (17x7 Booster Chrome 5x4.50, 4.25 bs)",,,,,,,1,,,,
"R14-777342 (SLOW...17x7 Booster Chrome 5x5.00, 4.25 bs  3.45 cb)",,,,,,,10,,,,
"R14-786145 (17x8 Booster Chrome 5x4.75, 4.50 bs)",,,,,,,28,,,,
"R14-786545 (SLOW...17x8 Booster Chrome 5x4.50, 4.50 bs)",,,,,,,5,,,,
"R14-787345 (SLOW...17x8 Booster Chrome 5x5.00, 4.50 bs  3.45 cb)",,,,,,,11,,,,
"R14-876145 (18x7 Booster Chrome 5x4.75, 4.50 bs)",,,,,,,11,,,,
"R14-876545 (SLOW...18x7 Booster Chrome 5x4.50, 4.50 bs)",,,,,,,11,,,,
"R14-877345 (18x7 Booster Chrome 5x5.00, 4.50 bs  3.45 cb)",,,,,,,21,,,,
"R14-886147 (18x8 Booster Chrome 5x4.75, 4.75 bs)",,,,,,,2,,,,
"R14-886547 (18x8 Booster Chrome 5x4.50, 4.75 bs)",,,,,,,10,,,,
"R14-887347 (18x8 Booster Chrome 5x5.00, 4.75 bs  3.45 cb)",,,,,,,19,,,,
"R14-896152 (18x9 Booster Chrome 5x4.75, 5.25 bs)",,,,,,,13,,,,
"R14-896552 (SLOW...18x9 Booster Chrome 5x4.50, 5.25 bs)",,,,,,,8,,,,
"R14-897352 (SLOW...18x9 Booster Chrome 5x5.00, 5.25 bs  3.45 cb)",,,,,,,9,,,,
R14 (R14 - BOOSTER CHROME) - Other,,,,,,,0,,,,
Total R14 (R14 - BOOSTER CHROME),,,,,,,210,,,,
R15 (R15 - BOOSTER HYPER SILVER),,,,,,,,,,,
"R15-2106155 (SLOW...20x10 Booster Hyper Silver 5x4.75, 5.50 bs)",,,,,,,16,,,,
"R15-2106555 (SLOW...20x10 Booster Hyper Silver 5x4.50, 5.50 bs)",,,,,,,1,,,,
"R15-2107355 (SLOW...20x10 Booster Hyper Silver 5x5.00, 5.50 bs  3.45 cb)",,,,,,,4,,,,
"R15-2856152 (SLOW...20x8.5 Booster Hyper Silver 5x4.75, 5.25 bs)",,,,,,,34,,,,
"R15-2856552 (SLOW...20x8.5 Booster Hyper Silver 5x4.50, 5.25 bs)",,,,,,,23,,,,
"R15-2857352 (SLOW...20x8.5 Booster Hyper Silver 5x5.00, 5.25 bs  3.45 cb)",,,,,,,8,,,,
"R15-776142 (17x7 Booster Hyper Silver 5x4.75, 4.25 bs)",,,,,,,18,,,,
"R15-776542 (SLOW...17x7 Booster Hyper Silver 5x4.50, 4.25 bs)",,,,,,,-2,,,,
"R15-777342 (SLOW...17X7 Booster Hyper Silver 5x5.00, 4.25 bs  3.45 cb)",,,,,,,3,,,,
"R15-786145 (17x8 Booster Hyper Silver 5x4.75, 4.50 bs)",,,,,,,21,,,,
"R15-786545 (17x8 Booster Hyper Silver 5x4.50, 4.50 bs)",,,,,,,-5,,,,
"R15-787345 (17x8 Booster Hyper Silver 5x5.00, 4.50 bs - 3.45 cb - NOTE**CWS Inven...",,,,,,,5,,,,
"R15-876145 (18x7 Booster Hyper Silver 5x4.75, 4.50 bs)",,,,,,,14,,,,
"R15-876545 (SLOW...18x7 Booster Hyper Silver 5x4.50, 4.50 bs)",,,,,,,21,,,,
"R15-877345 (DISCONTINUE...18x7 Booster Hyper Silver 5x5.00, 4.50 bs  3.45 cb)",,,,,,,12,,,,
"R15-886147 (18x8 Booster Hyper Silver 5x4.75, 4.75 bs)",,,,,,,25,,,,
"R15-886547 (DISCONTINUE...18x8 Booster Hyper Silver 5x4.50, 4.75 bs- NOTE**CWS In...",,,,,,,28,,,,
"R15-887347 (18x8 Booster Hyper Silver 5x5.00, 4.75 bs  3.45 cb)",,,,,,,2,,,,
"R15-896152 (18x9 Booster Hyper Silver 5x4.75, 5.25 bs)",,,,,,,11,,,,
"R15-896552 (SLOW...18x9 Booster Hyper Silver 5x4.50, 5.25 bs)",,,,,,,2,,,,
"R15-897352 (SLOW...18x9 Booster Hyper Silver 5x5.00, 5.25 bs  3.45 cb)",,,,,,,9,,,,
R15 (R15 - BOOSTER HYPER SILVER) - Other,,,,,,,0,,,,
Total R15 (R15 - BOOSTER HYPER SILVER),,,,,,,250,,,,
R16 (R16 - BOOSTER HYPER SHOT),,,,,,,,,,,
"R16-2106155 (20x10 Booster Hyper Shot 5x4.75, 5.50 bs SLOW)",,,,,,,33,,,,
"R16-2106555 (20x10 Booster Hyper Shot 5x4.50, 5.50 bs  SLOW)",,,,,,,30,,,,
"R16-2107355 (SLOW...20x10 Booster Hyper Shot 5x5.00, 5.50 bs 3.45 cb)",,,,,,,0,,,,
"R16-2856152 (SLOW...20x8.5 Booster Hyper Shot 5x4.75, 5.25 bs)",,,,,,,10,,,,
"R16-2856552 (SLOW...20x8.5 Booster Hyper Shot 5x4.50, 5.25 bs)",,,,,,,13,,,,
"R16-2857352 (20x8.5 Booster Hyper Shot 5x5.00, 5.25 bs  3.45 cb)",,,,,,,22,,,,
"R16-776142 (17x7 Booster Hyper Shot 5x4.75, 4.25 bs)",,,,,,,28,,,,
"R16-776542 (17x7 Booster Hyper Shot 5x4.50, 4.25 bs)",,,,,,,0,,,,
"R16-777342 (SLOW...17X7 Booster Hyper Shot 5x5.00, 4.25 bs  3.45 cb)",,,,,,,14,,,,
"R16-786145 (17x8 Booster Hyper Shot 5x4.75, 4.50 bs)",,,,,,,11,,,,
"R16-786545 (SLOW...17x8 Booster Hyper Shot 5x4.50, 4.50 bs)",,,,,,,25,,,,
"R16-787345 (SLOW...17x8 Booster Hyper Shot 5x5.00, 4.50 bs  3.45 cb)",,,,,,,8,,,,
"R16-876145 (18x7 Booster Hyper Shot 5x4.75, 4.50 bs)",,,,,,,9,,,,
"R16-876545 (18x7 Booster Hyper Shot 5x4.50, 4.50 bs)",,,,,,,42,,,,
"R16-877345 (DISCONTINUE...18x7 Booster Hyper Shot 5x5.00, 4.50 bs 3.45 cb - NOTE*...",,,,,,,24,,,,
"R16-886147 (18x8 Booster Hyper Shot 5x4.75, 4.75 bs)",,,,,,,3,,,,
"R16-886547 (18x8 Booster Hyper Shot 5x4.50, 4.75 bs)",,,,,,,8,,,,
"R16-887347 (18x8 Booster Hyper Shot 5x5.00, 4.75 bs  3.45 cb)",,,,,,,25,,,,
"R16-896152 (18x9 Booster Hyper Shot 5x4.75, 5.25 bs)",,,,,,,-2,,,,
"R16-896552 (SLOW...18x9 Booster Hyper Shot 5x4.50, 5.25 bs)",,,,,,,10,,,,
"R16-897352 (18x9 Booster Hyper Shot 5x5.00, 5.25 bs  3.45 cb)",,,,,,,24,,,,
R16 (R16 - BOOSTER HYPER SHOT) - Other,,,,,,,0,,,,
Total R16 (R16 - BOOSTER HYPER SHOT),,,,,,,337,,,,
R21 (R21 - FUEL POLISHED),,,,,,,,,,,
"R21-516140 (15x10 Fuel Polished 5x4.75, 4.00 bs)",,,,,,,26,,,,
"R21-516540 (15x10 Fuel Polished 5x4.50, 4.00 bs)",,,,,,,11,,,,
"R21-546115 (15x4 Fuel Polished 5x4.75, 1.50 bs)",,,,,,,26,,,,
"R21-546515 (15x4 Fuel Polished 5x4.50, 1.50 bs)",,,,,,,31,,,,
"R21-566135 (15x6 Fuel Polished 5x4.75, 3.50 bs)",,,,,,,2,,,,
"R21-566535 (15x6 Fuel Polished 5x4.50, 3.50 bs)",,,,,,,14,,,,
"R21-576142 (15x7 Fuel Polished 5x4.75, 4.25 bs)",,,,,,,21,,,,
"R21-576542 (15x7 Fuel Polished 5x4.50, 4.25 bs)",,,,,,,26,,,,
"R21-586137 (15x8 Fuel Polished 5x4.75, 3.75 bs)",,,,,,,15,,,,
"R21-586145 (15x8 Fuel Polished 5x4.75, 4.50 bs)",,,,,,,-3,,,,
"R21-586537 (SLOW...15x8 Fuel Polished 5x4.50, 3.75 bs)",,,,,,,7,,,,
"R21-586545 (15x8 Fuel Polished 5x4.50, 4.50 bs)",,,,,,,15,,,,
"R21-776142 (17x7 Fuel Polished 5x4.75, 4.25 bs)",,,,,,,48,,,,
"R21-776542 (SLOW...17x7 Fuel Polished 5x4.50, 4.25 bs)",,,,,,,26,,,,
"R21-777342 (17x7 Fuel Polished 5x5.00, 4.25 bs  3.45 cb)",,,,,,,26,,,,
"R21-786145 (17x8 Fuel Polished 5x4.75, 4.50 bs)",,,,,,,48,,,,
"R21-786545 (SLOW...17x8 Fuel Polished 5x4.50, 4.50 bs)",,,,,,,19,,,,
"R21-787345 (SLOW...17x8 Fuel Polished 5x5.00, 4.50 bs  3.45 cb)",,,,,,,30,,,,
R21 (R21 - FUEL POLISHED) - Other,,,,,,,0,,,,
Total R21 (R21 - FUEL POLISHED),,,,,,,388,,,,
R23 (R23 - FUEL GRAY PAINTED),,,,,,,,,,,
"R23-516140 (15x10 Fuel Gray Painted 5x4.75, 4.00 bs)",,,,,,,8,,,,
"R23-516540 (15x10 Fuel Gray Painted 5x4.50, 4.00 bs)",,,,,,,18,,,,
"R23-546115 (15x4 Fuel Gray Painted 5x4.75, 1.50 bs)",,,,,,,-6,,,,
"R23-546515 (15x4 Fuel Gray Painted 5x4.50, 1.50 bs)",,,,,,,-7,,,,
"R23-566135 (15x6 Fuel Gray Painted 5x4.75, 3.50 bs)",,,,,,,18,,,,
"R23-566535 (15x6 Fuel Gray Painted 5x4.50, 3.50 bs)",,,,,,,24,,,,
"R23-576142 (15x7 Fuel Gray Painted 5x4.75, 4.25 bs)",,,,,,,7,,,,
"R23-576542 (15x7 Fuel Gray Painted 5x4.50, 4.25 bs)",,,,,,,34,,,,
"R23-586137 (15x8 Fuel Gray Painted 5x4.75, 3.75 bs)",,,,,,,20,,,,
"R23-586145 (15x8 Fuel Gray Painted 5x4.75, 4.50 bs)",,,,,,,9,,,,
"R23-586537 (SLOW...15x8 Fuel Gray Painted 5x4.50, 3.75 bs)",,,,,,,16,,,,
"R23-586545 (15x8 Fuel Gray Painted 5x4.50, 4.50 bs)",,,,,,,23,,,,
"R23-776142 (17x7 Fuel Gray Painted 5x4.75, 4.25 bs)",,,,,,,23,,,,
"R23-776542 (SLOW...17x7 Fuel Gray Painted 5x4.50, 4.25 bs)",,,,,,,3,,,,
"R23-777342 (SLOW...17x7 Fuel Gray Painted 5x5.00, 4.25 bs  3.45 cb)",,,,,,,13,,,,
"R23-786145 (17x8 Fuel Gray Painted 5x4.75, 4.50 bs)",,,,,,,1,,,,
"R23-786545 (SLOW...17x8 Fuel Gray Painted 5x4.50, 4.50 bs)",,,,,,,19,,,,
"R23-787345 (SLOW...17x8 Fuel Gray Painted 5x5.00, 4.50 bs  3.45 cb)",,,,,,,22,,,,
R23 (R23 - FUEL GRAY PAINTED) - Other,,,,,,,0,,,,
Total R23 (R23 - FUEL GRAY PAINTED),,,,,,,245,,,,
R24 (R24 - FUEL CHROME),,,,,,,,,,,
"R24-516140 (15x10 Fuel Chrome 5x4.75, 4.00 bs)",,,,,,,3,,,,
"R24-516540 (15x10 Fuel Chrome 5x4.50, 4.00 bs)",,,,,,,35,,,,
"R24-546115 (15x4 Fuel Chrome 5x4.75, 1.50 bs)",,,,,,,9,,,,
"R24-546515 (15x4 Fuel Chrome 5x4.50, 1.50 bs)",,,,,,,9,,,,
"R24-566135 (15x6 Fuel Chrome 5x4.75, 3.50 bs)",,,,,,,16,,,,
"R24-566535 (15x6 Fuel Chrome 5x4.50, 3.50 bs)",,,,,,,13,,,,
"R24-576142 (15x7 Fuel Chrome 5x4.75, 4.25 bs)",,,,,,,13,,,,
"R24-576542 (15x7 Fuel Chrome 5x4.50, 4.25 bs)",,,,,,,18,,,,
"R24-586137 (15x8 Fuel Chrome 5x4.75, 3.75 bs)",,,,,,,15,,,,
"R24-586145 (15x8 Fuel Chrome 5x4.75, 4.50 bs)",,,,,,,-1,,,,
"R24-586537 (15x8 Fuel Chrome 5x4.50, 3.75 bs)",,,,,,,10,,,,
"R24-586545 (15x8 Fuel Chrome 5x4.50, 4.50 bs)",,,,,,,22,,,,
"R24-776142 (SLOW...17x7 Fuel Chrome 5x4.75, 4.25 bs)",,,,,,,1,,,,
"R24-776542 (SLOW...17x7 Fuel Chrome 5x4.50, 4.25 bs- NOTE**CWS Inventory - qty 16)",,,,,,,2,,,,
"R24-777342 (17x7 Fuel Chrome 5x5.00, 4.25 bs  3.45 cb)",,,,,,,24,,,,
"R24-786145 (SLOW...17x8 Fuel Chrome 5x4.75, 4.50 bs)",,,,,,,4,,,,
"R24-786545 (SLOW...17x8 Fuel Chrome 5x4.50, 4.50 bs)",,,,,,,14,,,,
"R24-787345 (SLOW...17x8 Fuel Chrome 5x5.00, 4.50 bs  3.45 cb)",,,,,,,8,,,,
R24 (R24 - FUEL CHROME) - Other,,,,,,,0,,,,
Total R24 (R24 - FUEL CHROME),,,,,,,215,,,,
R30 (R30 - IGNITER AS CAST),,,,,,,,,,,
"R30-566135 (15x6 Igniter As Cast 5x4.75, 3.50 bs)",,,,,,,4,,,,
"R30-566535 (15x6 Igniter As Cast 5x4.50, 3.50 bs)",,,,,,,6,,,,
"R30-576142 (SLOW...15x7 Igniter As Cast 5x4.75, 4.25 bs)",,,,,,,13,,,,
"R30-576542 (SLOW...15x7 Igniter As Cast 5x4.50, 4.25 bs)",,,,,,,14,,,,
"R30-586137 (SLOW...15x8 Igniter As Cast 5x4.75, 3.75 bs)",,,,,,,18,,,,
"R30-586537 (SLOW...15x8 Igniter As Cast 5x4.50, 3.75 bs)",,,,,,,39,,,,
"R30-646120 (SLOW...16x4.5 Igniter As Cast 5x4.75, 2.00 bs)",,,,,,,12,,,,
"R30-646520 (16x4.5 Igniter As Cast 5x4.50, 2.00 bs)",,,,,,,17,,,,
"R30-648520 (16x4.5 Igniter As Cast 5x5.50, 2.00 bs - 3.45 cb)",,,,,,,20,,,,
"R30-666135 (SLOW...16x6 Igniter As Cast 5x4.75, 3.50 bs)",,,,,,,14,,,,
"R30-666535 (16x6 Igniter As Cast 5x4.50, 3.50 bs)",,,,,,,32,,,,
"R30-668535 (SLOW...16x6 Igniter As Cast 5x5.50, 3.50 bs - 3.45 cb)",,,,,,,9,,,,
"R30-686137 (SLOW...16x8 Igniter As Cast 5x4.75, 3.75 bs)",,,,,,,10,,,,
"R30-686537 (SLOW...16x8 Igniter As Cast 5x4.50, 3.75 bs)",,,,,,,19,,,,
"R30-688537 (SLOW...16x8 Igniter As Cast 5x5.50, 3.75 bs - 3.45 cb)",,,,,,,7,,,,
R30 (R30 - IGNITER AS CAST) - Other,,,,,,,0,,,,
Total R30 (R30 - IGNITER AS CAST),,,,,,,234,,,,
R31 (R31 - IGNITER POLISHED),,,,,,,,,,,
"R31-566135 (15x6 Igniter Polished 5x4.75, 3.50 bs)",,,,,,,13,,,,
"R31-566535 (15x6 Igniter Polished 5x4.50, 3.50 bs)",,,,,,,37,,,,
"R31-567335 (SLOW...15x6 Igniter Polished 5x5.00, 3.50 bs - 3.45 cb)",,,,,,,12,,,,
"R31-576142 (15x7 Igniter Polished 5x4.75, 4.25 bs)",,,,,,,15,,,,
"R31-576542 (15x7 Igniter Polished 5x4.50, 4.25 bs)",,,,,,,24,,,,
"R31-577342 (SLOW...15x7 Igniter Polished 5x5.00, 4.25 bs - 3.45 cb)",,,,,,,7,,,,
"R31-586137 (15x8 Igniter Polished 5x4.75, 3.75 bs)",,,,,,,25,,,,
"R31-586537 (15x8 Igniter Polished 5x4.50, 3.75 bs)",,,,,,,37,,,,
"R31-587337 (15x8 Igniter Polished 5x5.00, 3.75 bs - 3.45 cb - NOTE**CWS Inventory...",,,,,,,38,,,,
"R31-646120 (SLOW...16x4.5 Igniter Polished 5x4.75, 2.00 bs)",,,,,,,11,,,,
"R31-646520 (16x4.5 Igniter Polished 5x4.50, 2.00 bs)",,,,,,,22,,,,
"R31-648520 (SLOW...16x4.5 Igniter Polished 5x5.50, 2.00 bs - 3.45 cb)",,,,,,,15,,,,
"R31-666135 (16x6 Igniter Polished 5x4.75, 3.50 bs)",,,,,,,5,,,,
"R31-666535 (16x6 Igniter Polished 5x4.50, 3.50 bs)",,,,,,,38,,,,
"R31-667335 (DISCONTINUE...16x6 Igniter Polished 5x5.00, 3.50 bs  3.45 cb)",,,,,,,20,,,,
"R31-668535 (16x6 Igniter Polished 5x5.50, 3.50 bs - 3.45 cb)",,,,,,,12,,,,
"R31-686137 (16x8 Igniter Polished 5x4.75, 3.75 bs SLOW)",,,,,,,22,,,,
"R31-686145 (SLOW...16x8 Igniter Polished 5x4.75, 4.50 bs)",,,,,,,27,,,,
"R31-686537 (16x8 Igniter Polished 5x4.50, 3.75 bs)",,,,,,,12,,,,
"R31-686545 (16x8 Igniter Polished 5x4.50, 4.50 bs)",,,,,,,10,,,,
"R31-687337 (DISCONTINUE...16x8 Igniter Polished 5x5.00, 3.75 bs - 3.45 cb)",,,,,,,29,,,,
"R31-687345 (DISCONTINUE...16x8 Igniter Polished 5x5.00, 4.50 bs - 3.45 cb)",,,,,,,22,,,,
"R31-688537 (SLOW...16x8 Igniter Polished 5x5.50, 3.75 bs - 3.45 cb)",,,,,,,15,,,,
"R31-688545 (DISCONTINUE...16x8 Igniter Polished 5x5.50, 4.50 bs - 3.45 cb)",,,,,,,24,,,,
R31 (R31 - IGNITER POLISHED) - Other,,,,,,,0,,,,
Total R31 (R31 - IGNITER POLISHED),,,,,,,492,,,,
R33 (R33 - IGNITER GRAY PAINTED),,,,,,,,,,,
"R33-566135 (15x6 Igniter Gray Painted 5x4.75, 3.50 bs)",,,,,,,13,,,,
"R33-566535 (15x6 Igniter Gray Painted 5x4.50, 3.50 bs)",,,,,,,33,,,,
"R33-567335 (15x6 Igniter Gray Painted 5x5.00, 3.50 bs - 3.45 cb)",,,,,,,6,,,,
"R33-576142 (15x7 Igniter Gray Painted 5x4.75, 4.25 bs)",,,,,,,53,,,,
"R33-576542 (15x7 Igniter Gray Painted 5x4.50, 4.25 bs)",,,,,,,25,,,,
"R33-577342 (SLOW...15x7 Igniter Gray Painted 5x5.00, 4.25 bs - 3.45 cb)",,,,,,,13,,,,
"R33-586137 (15x8 Igniter Gray Painted 5x4.75, 3.75 bs)",,,,,,,15,,,,
"R33-586537 (15x8 Igniter Gray Painted 5x4.50, 3.75 bs)",,,,,,,34,,,,
"R33-587337 (15x8 Igniter Gray Painted 5x5.00, 3.75 bs - 3.45 cb)",,,,,,,16,,,,
"R33-646120 (SLOW...16x4.5 Igniter Gray Painted 5x4.75, 2.00 bs)",,,,,,,27,,,,
"R33-646520 (16x4.5 Igniter Gray Painted 5x4.50, 2.00 bs)",,,,,,,8,,,,
"R33-648520 (16x4.5 Igniter Gray Painted 5x5.50, 2.00 bs - 3.45 cb)",,,,,,,26,,,,
"R33-666135 (16x6 Igniter Gray Painted 5x4.75, 3.50 bs)",,,,,,,14,,,,
"R33-666535 (16x6 Igniter Gray Painted 5x4.50, 3.50 bs)",,,,,,,12,,,,
"R33-667335 (SLOW...16x6 Igniter Gray Painted 5x5.00, 3.50 bs - 3.45 cb)",,,,,,,10,,,,
"R33-668535 (16x6 Igniter Gray Painted 5x5.50, 3.50 bs - 3.45 cb)",,,,,,,22,,,,
"R33-686137 (16x8 Igniter Gray Painted 5x4.75, 3.75 bs)",,,,,,,11,,,,
"R33-686145 (16x8 Igniter Gray Painted 5x4.75, 4.50 bs)",,,,,,,16,,,,
"R33-686537 (16x8 Igniter Gray Painted 5x4.50, 3.75 bs)",,,,,,,19,,,,
"R33-686545 (SLOW...16x8 Igniter Gray Painted 5x4.50, 4.50 bs)",,,,,,,17,,,,
"R33-687337 (SLOW...16x8 Igniter Gray Painted 5x5.00, 3.75 bs - 3.45 cb)",,,,,,,8,,,,
"R33-687345 (SLOW...16x8 Igniter Gray Painted 5x5.00, 4.50 bs - 3.45 cb  SLOW)",,,,,,,22,,,,
"R33-688537 (SLOW...16x8 Igniter Gray Painted 5x5.50, 3.75 bs - 3.45 cb)",,,,,,,26,,,,
"R33-688545 (SLOW...16x8 Igniter Gray Painted 5x5.50, 4.50 bs - 3.45 cb)",,,,,,,15,,,,
R33 (R33 - IGNITER GRAY PAINTED) - Other,,,,,,,0,,,,
Total R33 (R33 - IGNITER GRAY PAINTED),,,,,,,461,,,,
R40 (R40 - LAUNCHER AS CAST),,,,,,,,,,,
"R40-546122 (15x4.5 Launcher As Cast 5x4.75, 2.25 bs)",,,,,,,21,,,,
"R40-546522 (15x4.5 Launcher As Cast 5x4.50, 2.25 bs)",,,,,,,47,,,,
R40 (R40 - LAUNCHER AS CAST) - Other,,,,,,,0,,,,
Total R40 (R40 - LAUNCHER AS CAST),,,,,,,68,,,,
R41 (R41 - LAUNCHER POLISHED),,,,,,,,,,,
"R41-546122 (15x4.5 Launcher Polished 5x4.75, 2.25 bs)",,,,,,,53,,,,
"R41-546522 (15x4.5 Launcher Polished 5x4.50, 2.25 bs)",,,,,,,44,,,,
R41 (R41 - LAUNCHER POLISHED) - Other,,,,,,,0,,,,
Total R41 (R41 - LAUNCHER POLISHED),,,,,,,97,,,,
R43 (R43 - LAUNCHER GRAY PAINTED),,,,,,,,,,,
"R43-546122 (15x4.5 Launcher Gray Painted 5x4.75, 2.25 bs)",,,,,,,74,,,,
"R43-546522 (15x4.5 Launcher Gray Painted 5x4.50, 2.25 bs)",,,,,,,54,,,,
R43 (R43 - LAUNCHER GRAY PAINTED) - Other,,,,,,,0,,,,
Total R43 (R43 - LAUNCHER GRAY PAINTED),,,,,,,128,,,,
R60 (R60 - INJECTOR AS CAST),,,,,,,,,,,
"R60-516130 (15x10 Injector As Cast 5x4.75, 3.00 bs)",,,,,,,27,,,,
"R60-516137 (15x10 Injector As Cast 5x4.75, 3.75 bs)",,,,,,,16,,,,
"R60-516530 (15x10 Injector As Cast 5x4.50, 3.00 bs)",,,,,,,5,,,,
"R60-516537 (15x10 Injector As Cast 5x4.50, 3.75 bs)",,,,,,,20,,,,
"R60-517337 (15x10 Injector As Cast 5x5.00, 3.75 bs - 3.45 cb)",,,,,,,12,,,,
"R60-518530 (SLOW...15x10 Injector As Cast 5x5.50, 3.00 bs - 3.45 cb)",,,,,,,12,,,,
"R60-518537 (SLOW...15x10 Injector As Cast 5x5.50, 3.75 bs  - 3.45 cb)",,,,,,,7,,,,
"R60-546122 (15x4.5 Injector As Cast 5x4.75, 2.25 bs)",,,,,,,18,,,,
"R60-546522 (15x4.5 Injector As Cast 5x4.50, 2.25 bs)",,,,,,,21,,,,
"R60-547322 (DISCONTINUE...15x4.5 Injector As Cast 5x5.00, 2.25 bs - 3.45 cb SLOW)",,,,,,,16,,,,
"R60-548522 (SLOW...15x4.5 Injector As Cast 5x5.50, 2.25 bs - 3.45 cb)",,,,,,,9,,,,
"R60-586137 (15x8 Injector As Cast 5x4.75, 3.75 bs)",,,,,,,37,,,,
"R60-586145 (15x8 Injector As Cast 5x4.75, 4.50 bs)",,,,,,,17,,,,
"R60-586537 (15x8 Injector As Cast 5x4.50, 3.75 bs)",,,,,,,13,,,,
"R60-586545 (15x8 Injector As Cast 5x4.50, 4.50 bs)",,,,,,,2,,,,
"R60-587337 (SLOW...15x8 Injector As Cast 5x5.00, 3.75 bs - 3.45 cb)",,,,,,,6,,,,
"R60-587345 (SLOW...15x8 Injector As Cast 5x5.00, 4.50 bs - 3.45 cb)",,,,,,,2,,,,
"R60-588537 (15x8 Injector As Cast 5x5.50, 3.75 bs - 3.45 cb)",,,,,,,13,,,,
"R60-588545 (SLOW...15x8 Injector As Cast 5x5.50, 4.50 bs - 3.45 cb)",,,,,,,7,,,,
"R60-616130 (SLOW...16x10 Injector As Cast 5x4.75, 3.00 bs, 3.08 cb)",,,,,,,7,,,,
"R60-616137 (16x10 Injector As Cast 5x4.75, 3.75 bs, 3.08 cb)",,,,,,,14,,,,
"R60-616530 (SLOW...16x10 Injector As Cast 5x4.50, 3.00 bs, 3.08 cb)",,,,,,,13,,,,
"R60-616537 (SLOW...16x10 Injector As Cast 5x4.50, 3.75 bs, 3.08 cb)",,,,,,,20,,,,
"R60-617337 (DISCONTINUE...16x10 Injector As Cast 5x5.00, 3.75 bs, 3.45 cb)",,,,,,,14,,,,
"R60-618337-4WD (DISCONTINUE...16x10 Injector As Cast (4WD TRUCK) 6x5.50, 3.75 bs,...",,,,,,,22,,,,
"R60-618530 (SLOW...16x10 Injector As Cast 5x5.50, 3.00 bs, 3.45 cb)",,,,,,,16,,,,
"R60-618537 (SLOW...16x10 Injector As Cast 5x5.50, 3.75 bs, 3.45 cb)",,,,,,,13,,,,
"R60-618537-4WD (SLOW...16x10 Injector As Cast (4WD TRUCK) 5x5.50, 3.75 bs, 4.25 c...",,,,,,,13,,,,
R60 (R60 - INJECTOR AS CAST) - Other,,,,,,,0,,,,
Total R60 (R60 - INJECTOR AS CAST),,,,,,,392,,,,
R61 (R61 - INJECTOR POLISHED),,,,,,,,,,,
"R61-516130 (15x10 Injector Polished 5x4.75, 3.00 bs)",,,,,,,33,,,,
"R61-516137 (15x10 Injector Polished 5x4.75, 3.75 bs)",,,,,,,21,,,,
"R61-516530 (15x10 Injector Polished 5x4.50, 3.00 bs)",,,,,,,19,,,,
"R61-516537 (15x10 Injector Polished 5x4.50, 3.75 bs)",,,,,,,21,,,,
"R61-517337 (15x10 Injector Polished 5x5.00, 3.75 bs - 3.45 cb)",,,,,,,7,,,,
"R61-518530 (15x10 Injector Polished 5x5.50, 3.00 bs - 3.45 cb)",,,,,,,10,,,,
"R61-518537 (15x10 Injector Polished 5x5.50, 3.75 bs - 3.45 cb)",,,,,,,9,,,,
"R61-546122 (15x4.5 Injector Polished 5x4.75, 2.25 bs)",,,,,,,34,,,,
"R61-546522 (15x4.5 Injector Polished 5x4.50, 2.25 bs)",,,,,,,18,,,,
"R61-547322 (SLOW...15x4.5 Injector Polished 5x5.00, 2.25 bs - 3.45 cb)",,,,,,,12,,,,
"R61-548522 (SLOW...15x4.5 Injector Polished 5x5.50, 2.25 bs - 3.45 cb)",,,,,,,3,,,,
"R61-586137 (15x8 Injector Polished 5x4.75, 3.75 bs)",,,,,,,14,,,,
"R61-586145 (15x8 Injector Polished 5x4.75, 4.50 bs)",,,,,,,18,,,,
"R61-586537 (15x8 Injector Polished 5x4.50, 3.75 bs)",,,,,,,26,,,,
"R61-586545 (15x8 Injector Polished 5x4.50, 4.50 bs)",,,,,,,9,,,,
"R61-587337 (SLOW...15x8 Injector Polished 5x5.00, 3.75 bs - 3.45 cb)",,,,,,,-4,,,,
"R61-587345 (SLOW...15x8 Injector Polished 5x5.00, 4.50 bs - 3.45 cb)",,,,,,,23,,,,
"R61-588537 (15x8 Injector Polished 5x5.50, 3.75 bs - 3.45 cb)",,,,,,,25,,,,
"R61-588545 (SLOW...15x8 Injector Polished 5x5.50, 4.50 bs - 3.45 cb)",,,,,,,12,,,,
"R61-616130 (SLOW...16x10 Injector Polished 5x4.75, 3.00 bs, 3.08 cb)",,,,,,,16,,,,
"R61-616137 (SLOW...16x10 Injector Polished 5x4.75, 3.75 bs, 3.08 cb)",,,,,,,16,,,,
"R61-616530 (SLOW...16x10 Injector Polished 5x4.50, 3.00 bs, 3.08 cb)",,,,,,,15,,,,
"R61-616537 (SLOW...16x10 Injector Polished 5x4.50, 3.75 bs, 3.08 cb)",,,,,,,10,,,,
"R61-617337 (DISCONTINUE...16x10 Injector Polished 5x5.00, 3.75 bs, 3.45 cb)",,,,,,,15,,,,
"R61-618337-4WD (SLOW...16x10 Injector Polished (4WD Truck) 6x5.50, 3.75 bs, 4.25 ...",,,,,,,9,,,,
"R61-618530 (SLOW...16x10 Injector Polished 5x5.50, 3.00 bs, 3.45 cb)",,,,,,,14,,,,
"R61-618537 (SLOW...16x10 Injector Polished 5x5.50, 3.75 bs, 3.45 cb)",,,,,,,13,,,,
"R61-618537-4WD (SLOW...16x10 Injector Polished (4WD Truck) 5x5.50, 3.75 bs, 4.25 ...",,,,,,,7,,,,
R61 (R61 - INJECTOR POLISHED) - Other,,,,,,,0,,,,
Total R61 (R61 - INJECTOR POLISHED),,,,,,,425,,,,
R70 (R70 - STRIKE AS CAST),,,,,,,,,,,
"R70-516140 (SLOW...15x10 Strike As Cast Center Machined Outer 5x4.75, 4.00 bs)",,,,,,,2,,,,
"R70-516150 (15x10 Strike As Cast Center Machined Outer 5x4.75, 5.00 bs)",,,,,,,0,,,,
"R70-516540 (SLOW...15x10 Strike As Cast Center Machined Outer 5x4.50, 4.00 bs)",,,,,,,20,,,,
"R70-516550 (15x10 Strike As Cast Center Machined Outer 5x4.50, 5.00 bs)",,,,,,,7,,,,
"R70-517340 (DISCONTINUE...15x10 Strike As Cast Center Machined Outer 5x5.00, 4.00...",,,,,,,34,,,,
"R70-517350 (SLOW...15x10 Strike As Cast Center Machined Outer 5x5.00, 5.00 bs - 3...",,,,,,,18,,,,
"R70-518540 (15x10 Strike As Cast Center Machined Outer 5x5.50, 4.00 bs - 3.45 cb ...",,,,,,,14,,,,
"R70-518550 (15x10 Strike As Cast Center Machined Outer 5x5.50, 5.00 bs - 3.45 cb ...",,,,,,,28,,,,
"R70-546117 (15x4.5 Strike As Cast Center Machined Outer 5x4.75, 1.75 bs)",,,,,,,58,,,,
"R70-546517 (15x4.5 Strike As Cast Center Machined Outer 5x4.50, 1.75 bs)",,,,,,,39,,,,
"R70-548517 (SLOW...15x4.5 Strike As Cast Center Machined Outer 5x5.50, 1.75 bs - ...",,,,,,,19,,,,
"R70-566132 (15x6 Strike As Cast Center Machined Outer 5x4.75, 3.25 bs)",,,,,,,12,,,,
"R70-566532 (15x6 Strike As Cast Center Machined Outer 5x4.50, 3.25 bs)",,,,,,,11,,,,
"R70-568532 (15x6 Strike As Cast Center Machined Outer 5x5.50, 3.25 bs - 3.45 cb -...",,,,,,,6,,,,
"R70-576142 (15x7 Strike As Cast Center Machined Outer 5x4.75, 4.25 bs)",,,,,,,8,,,,
"R70-576542 (15x7 Strike As Cast Center Machined Outer 5x4.50, 4.25 bs)",,,,,,,1,,,,
"R70-577342 (SLOW...15x7 Strike As Cast Center Machined Outer 5x5.00, 4.25 bs - 3....",,,,,,,20,,,,
"R70-578542 (15x7 Strike As Cast Center Machined Outer 5x5.50, 4.25 bs - 3.45 cb)",,,,,,,12,,,,
"R70-586140 (15x8 Strike As Cast Center Machined Outer 5x4.75, 4.00 bs)",,,,,,,17,,,,
"R70-586145 (15x8 Strike As Cast Center Machined Outer 5x4.75, 4.50 bs)",,,,,,,12,,,,
"R70-586540 (15x8 Strike As Cast Center Machined Outer 5x4.50, 4.00 bs)",,,,,,,14,,,,
"R70-586545 (SLOW...15x8 Strike As Cast Center Machined Outer 5x4.50, 4.50 bs)",,,,,,,9,,,,
"R70-587340 (SLOW...15x8 Strike As Cast Center Machined Outer 5x5.00, 4.00 bs - 3....",,,,,,,10,,,,
"R70-587345 (SLOW...15x8 Strike As Cast Center Machined Outer 5x5.00, 4.50 bs - 3....",,,,,,,22,,,,
"R70-588540 (15x8 Strike As Cast Center Machined Outer 5x5.50, 4.00 bs - 3.45 cb)",,,,,,,22,,,,
"R70-588545 (SLOW...15x8 Strike As Cast Center Machined Outer 5x5.50, 4.50 bs - 3....",,,,,,,18,,,,
"R70-776142 (SLOW...17x7 Strike As Cast Center Machined Outer 5x4.75, 4.25 bs - 3....",,,,,,,25,,,,
"R70-776542 (SLOW...17x7 Strike As Cast Center Machined Outer 5x4.50, 4.25 bs - 3....",,,,,,,20,,,,
"R70-777342 (DISCONTINUE...17x7 Strike As Cast Center Machined Outer 5x5.00, 4.25 ...",,,,,,,30,,,,
"R70-778542 (DISCONTINUE...17x7 Strike As Cast Center Machined Outer 5x5.50, 4.25 ...",,,,,,,14,,,,
"R70-786145 (SLOW...17x8 Strike As Cast Center Machined Outer 5x4.75, 4.50 bs - 3....",,,,,,,40,,,,
"R70-786545 (SLOW...17x8 Strike As Cast Center Machined Outer 5x4.50, 4.50 bs - 3....",,,,,,,12,,,,
"R70-787345 (DISCONTINUE...17x8 Strike As Cast Center Machined Outer 5x5.00, 4.50 ...",,,,,,,31,,,,
"R70-788545 (DISCONTINUE...17x8 Strike As Cast Center Machined Outer 5x5.50, 4.50 ...",,,,,,,14,,,,
R70 (R70 - STRIKE AS CAST) - Other,,,,,,,0,,,,
Total R70 (R70 - STRIKE AS CAST),,,,,,,619,,,,
R71 (R71 - STRIKE POLISHED),,,,,,,,,,,
"R71-516140 (15x10 Strike Polished 5x4.75, 4.00 bs)",,,,,,,18,,,,
"R71-516150 (15x10 Strike Polished 5x4.75, 5.00 bs)",,,,,,,17,,,,
"R71-516540 (15x10 Strike Polished 5x4.50, 4.00 bs)",,,,,,,8,,,,
"R71-516550 (15x10 Strike Polished 5x4.50, 5.00 bs)",,,,,,,21,,,,
"R71-517340 (15x10 Strike Polished 5x5.00, 4.00 bs - 3.45 cb)",,,,,,,27,,,,
"R71-517350 (15x10 Strike Polished 5x5.00, 5.00 bs - 3.45 cb)",,,,,,,-1,,,,
"R71-518540 (15x10 Strike Polished 5x5.50, 4.00 bs - 3.45 cb)",,,,,,,22,,,,
"R71-518550 (15x10 Strike Polished 5x5.50, 5.00 bs - 3.45 cb SLOW)",,,,,,,16,,,,
"R71-546117 (15x4.5 Strike Polished 5x4.75, 1.75 bs)",,,,,,,39,,,,
"R71-546517 (15x4.5 Strike Polished 5x4.50, 1.75 bs)",,,,,,,19,,,,
"R71-548517 (15x4.5 Strike Polished 5x5.50, 1.75 bs - 3.45 cb SLOW)",,,,,,,17,,,,
"R71-566132 (15x6 Strike Polished 5x4.75, 3.25 bs)",,,,,,,4,,,,
"R71-566532 (15x6 Strike Polished 5x4.50, 3.25 bs)",,,,,,,28,,,,
"R71-568532 (15x6 Strike Polished 5x5.50, 3.25 bs - 3.45 cb)",,,,,,,13,,,,
"R71-576142 (15x7 Strike Polished 5x4.75, 4.25 bs)",,,,,,,10,,,,
"R71-576542 (15x7 Strike Polished 5x4.50, 4.25 bs)",,,,,,,15,,,,
"R71-577342 (15x7 Strike Polished 5x5.00, 4.25 bs - 3.45 cb)",,,,,,,34,,,,
"R71-578542 (15x7 Strike Polished 5x5.50, 4.25 bs - 3.45 cb)",,,,,,,35,,,,
"R71-586140 (15x8 Strike Polished 5x4.75, 4.00 bs)",,,,,,,37,,,,
"R71-586145 (15x8 Strike Polished 5x4.50, 4.50 bs)",,,,,,,4,,,,
"R71-586540 (15x8 Strike Polished 5x4.50, 4.00 bs)",,,,,,,19,,,,
"R71-586545 (15x8 Strike Polished 5x4.50, 4.50 bs)",,,,,,,8,,,,
"R71-587340 (15x8 Strike Polished 5x5.00, 4.00 bs - 3.45 cb)",,,,,,,10,,,,
"R71-587345 (15x8 Strike Polished 5x5.00, 4.50 bs - 3.45 cb)",,,,,,,37,,,,
"R71-588540 (15x8 Strike Polished 5x5.50, 4.00 bs - 3.45 cb)",,,,,,,40,,,,
"R71-588545 (15x8 Strike Polished 5x5.50, 4.50 bs - 3.45 cb)",,,,,,,32,,,,
"R71-776142 (17x7 Strike Polished 5x4.75, 4.25 bs - 3.08 cb)",,,,,,,11,,,,
"R71-776542 (SLOW...17x7 Strike Polished 5x4.50, 4.25 bs - 3.08 cb)",,,,,,,15,,,,
"R71-777342 (SLOW...17x7 Strike Polished 5x5.00, 4.25 bs - 3.45 cb)",,,,,,,17,,,,
"R71-778542 (SLOW...17x7 Strike Polished 5x5.50, 4.25 bs - 3.45 cb)",,,,,,,0,,,,
"R71-786145 (17x8 Strike Polished 5x4.75, 4.50 bs - 3.08 cb)",,,,,,,21,,,,
R71-786545 (17x8 Strike Polished 5x4.50 4.50 bs - 3.08 cb),,,,,,,21,,,,
"R71-787345 (17x8 Strike Polished 5x5.00, 4.50 bs - 3.45 cb)",,,,,,,20,,,,
"R71-788545 (17x8 Strike Polished 5x5.50, 4.50 bs - 3.45 cb)",,,,,,,20,,,,
R71 (R71 - STRIKE POLISHED) - Other,,,,,,,0,,,,
Total R71 (R71 - STRIKE POLISHED),,,,,,,654,,,,
R80 (R80 - SOLID AS CAST),,,,,,,,,,,
"R80-656118 (16x5 Solid As Cast 5x4.75, 1.875 bs - 3.08 cb)",,,,,,,14,,,,
"R80-656518 (16x5 Solid As Cast 5x4.50, 1.875 bs - 3.08 cb)",,,,,,,52,,,,
"R80-657318 (DISCONTINUE...16x5 Solid As Cast 5x5.00, 1.875 bs - 3.45 cb)",,,,,,,25,,,,
"R80-658518 (16x5 Solid As Cast 5x5.50, 1.875 bs - 3.45 cb)",,,,,,,-3,,,,
"R80-866123 (18x6 Solid As Cast 5x4.75, 2.375 bs - 3.08 cb)",,,,,,,37,,,,
"R80-866523 (18x6 Solid As Cast 5x4.50, 2.375 bs - 3.08 cb)",,,,,,,36,,,,
"R80-867323 (SLOW...18x6 Solid As Cast 5x5.00, 2.375 bs - 3.45 cb)",,,,,,,7,,,,
"R80-868523 (SLOW...18x6 Solid As Cast 5x5.50, 2.375 bs - 3.45 cb)",,,,,,,34,,,,
R80 (R80 - SOLID AS CAST) - Other,,,,,,,0,,,,
Total R80 (R80 - SOLID AS CAST),,,,,,,202,,,,
R88 (R88 - SOLID FULL MACHINED),,,,,,,,,,,
"R88-656118 (DISCONTINUE...16x5 Solid Full Machined 5x4.75, 1.875 bs - 3.08 cb)",,,,,,,7,,,,
"R88-656518 (DISCONTINUE...16x5 Solid Full Machined 5x4.50, 1.875 bs - 3.08 cb)",,,,,,,36,,,,
"R88-657318 (DISCONTINUE...16x5 Solid Full Machined 5x5.00, 1.875 bs - 3.45 cb)",,,,,,,38,,,,
"R88-658518 (DISCONTINUE...16x5 Solid Full Machined 5x5.50, 1.875 bs - 3.45 cb)",,,,,,,22,,,,
"R88-866123 (DISCONTINUE...18x6 Solid Full Machined 5x4.75, 2.375 bs - 3.08 cb)",,,,,,,32,,,,
"R88-866523 (DISCONTINUE...18x6 Solid Full Machined 5x4.50, 2.375 bs - 3.08 cb)",,,,,,,29,,,,
"R88-867323 (DISCONTINUE...18x6 Solid Full Machined 5x5.00, 2.375 bs  - 3.45 cb)",,,,,,,42,,,,
"R88-868523 (DISCONTINUE...18x6 Solid Full Machined 5x5.50, 2.375 bs - 3.45 cb)",,,,,,,29,,,,
R88 (R88 - SOLID FULL MACHINED) - Other,,,,,,,0,,,,
Total R88 (R88 - SOLID FULL MACHINED),,,,,,,235,,,,
R90 (R90 - FIRE AS CAST),,,,,,,,,,,
"R90-656123 (SLOW...16x5 Fire As Cast 5x4.75, 2.375 bs - 3.08 CB)",,,,,,,17,,,,
"R90-656523 (16x5 Fire As Cast 5x4.50, 2.375 bs - 3.08 cb)",,,,,,,26,,,,
"R90-657323 (DISCONTINUE...16x5 Fire As Cast 5x5.00, 2.375 bs - 3.45 cb)",,,,,,,36,,,,
"R90-658523 (16x5 Fire As Cast 5x5.50, 2.375 bs - 3.45 cb)",,,,,,,16,,,,
"R90-866128 (SLOW...18x6 Fire As Cast 5x4.75, 2.875 bs - 3.08 CB)",,,,,,,29,,,,
"R90-866528 (18x6 Fire As Cast 5x4.50, 2.875 bs - 3.08 CB)",,,,,,,21,,,,
"R90-867328 (DISCONTINUE...18x6 Fire As Cast 5x5.00, 2.875 bs - 3.45 CB)",,,,,,,18,,,,
"R90-868528 (SLOW...18x6 Fire As Cast 5x5.50, 2.875 bs - 3.45 CB)",,,,,,,32,,,,
R90 (R90 - FIRE AS CAST) - Other,,,,,,,0,,,,
Total R90 (R90 - FIRE AS CAST),,,,,,,195,,,,
R93 (R93 - FIRE GRAY PAINTED),,,,,,,,,,,
"R93-656123 (SLOW...16x5 Fire Gray Painted 5x4.75, 2.375 bs - 3.08 cb)",,,,,,,28,,,,
"R93-656523 (SLOW...16x5 Fire Gray Painted 5x4.50, 2.375 bs - 3.08 cb)",,,,,,,11,,,,
"R93-657323 (SLOW...16x5 Fire Gray Painted 5x5.00, 2.375 bs - 3.45 cb)",,,,,,,23,,,,
"R93-658523 (SLOW...16x5 Fire Gray Painted 5x5.50, 2.375 bs - 3.45 cb)",,,,,,,0,,,,
"R93-866128 (SLOW...18x6 Fire Gray Painted 5x4.75, 2.875 bs - 3.08 cb)",,,,,,,1,,,,
"R93-866528 (SLOW...18x6 Fire Gray Painted 5x4.50, 2.875 bs - 3.08 cb)",,,,,,,33,,,,
"R93-867328 (SLOW...18x6 Fire Gray Painted 5x5.00, 2.875 bs - 3.45 cb)",,,,,,,1,,,,
"R93-868528 (SLOW...18x6 Fire Gray Painted 5x5.50, 2.875 bs - 3.45 cb)",,,,,,,20,,,,
R93 (R93 - FIRE GRAY PAINTED) - Other,,,,,,,0,,,,
Total R93 (R93 - FIRE GRAY PAINTED),,,,,,,117,,,,
"RT-DEFECT WHEELS (DEFECTS:  BLEMISHED, MOUNTED OR REFINISH WHEELS)",,,,,,,,,,,
"LTR1 DEFECT (Light Truck Booster:  Blemished, Mounted or Refinish Wheels)",,,,,,,,,,,
"LTR14-2955200-B (20x9 Booster Hi Luster Chrome, Classic Ford & Dodge Trucks 5x5 1...",,,,,,,3,,,,
"LTR14-2963500-B (20x9 Booster Hi Luster Chrome, 2004-up Ford Trucks, 6x135, 0mm o...",,,,,,,2,,,,
"LTR14-2965200-B (20x9 Booster Hi Luster Chrome, Classic & Late Model Chevy/GMC Tr...",,,,,,,1,,,,
"LTR16-2963500-B (20x9 Booster Hyper Shot, 2004-up Ford Trucks, 6x135, 0mm offset ...",,,,,,,1,,,,
"LTR1 DEFECT (Light Truck Booster:  Blemished, Mounted or Refinish Wheels) - Other",,,,,,,0,,,,
"Total LTR1 DEFECT (Light Truck Booster:  Blemished, Mounted or Refinish Wheels)",,,,,,,7,,,,
"MMR1 DEFECT (MM Booster:  Blemished, Mounted or Refinish Wheels)",,,,,,,,,,,
"MMR16-896530-B (18x9 Booster Hyper Shot, 05-up Mustang, 5x4.50, 30mm offset - BLE...",,,,,,,1,,,,
"MMR1 DEFECT (MM Booster:  Blemished, Mounted or Refinish Wheels) - Other",,,,,,,0,,,,
"Total MMR1 DEFECT (MM Booster:  Blemished, Mounted or Refinish Wheels)",,,,,,,1,,,,
"R1 DEFECT (Booster:  Blemished, Mounted or Refinish Wheels)",,,,,,,,,,,
"R13-2106155-B (20x10 Booster Gray Painted 5x4.75, 5.50 bs - BLEMISHED)",,,,,,,1,,,,
"R13-776142-B (17x7 Booster Gray Painted 5x4.75, 4.25 bs - BLEMISHED)",,,,,,,2,,,,
"R13-777342-B (17X7 Booster Gray Painted 5x5.00, 4.25 bs 3.45 cb - BLEMISHED)",,,,,,,1,,,,
"R13-786545-B (17x8 Booster Gray Painted 5x4.50, 4.50 bs - BLEMISHED)",,,,,,,1,,,,
"R13-787345-B (17x8 Booster Gray Painted 5x5.00, 4.50 bs - BLEMISHED)",,,,,,,3,,,,
"R13-876145-B (18x7 Booster Gray Painted 5x4.75, 4.50 bs - BLEMISHED)",,,,,,,3,,,,
"R13-876545-B (18x7 Booster Gray Painted 5x4.50, 4.50 bs - BLEMISHED)",,,,,,,1,,,,
"R13-896552-B (18x9 Booster Gray Painted 5x4.50, 5.25 bs - BLEMISHED)",,,,,,,1,,,,
"R14-2856152-B (20x8.5 Booster Chrome 5x4.75, 5.25 bs - BLEMISHED)",,,,,,,1,,,,
"R14-2857352-B (20x8.5 Booster Chrome 5x5.00, 5.25 bs  - BLEMISHED)",,,,,,,1,,,,
"R14-776142-B (17x7 Booster Chrome 5x4.75, 4.25 bs - BLEMISHED)",,,,,,,3,,,,
"R14-776542-B (17x7 Booster Chrome 5x4.50, 4.25 bs - BLEMISHED)",,,,,,,6,,,,
"R14-777342-B (17x7 Booster Chrome 5x5.00, 4.25 bs - BLEMISHED)",,,,,,,1,,,,
"R14-786145-B (17x8 Booster Chrome 5x4.75, 4.50 bs - BLEMISHED)",,,,,,,1,,,,
"R14-786545-B (17x8 Booster Chrome 5x4.50, 4.50 bs - BLEMISHED)",,,,,,,4,,,,
"R14-876145-B (18x7 Booster Chrome 5x4.75, 4.50 bs - BLEMISHED)",,,,,,,1,,,,
"R14-877345-B (18x7 Booster Chrome 5x5.00, 4.50 bs  3.45 cb - BLEMISHED)",,,,,,,5,,,,
"R14-886147-B (18x8 Booster Chrome 5x4.75, 4.75 bs - BLEMISHED)",,,,,,,-2,,,,
"R14-886547-B (18x8 Booster Chrome 5x4.50, 4.75 bs - BLEMISHED)",,,,,,,3,,,,
"R14-887347-B (18x8 Booster Chrome 5x5.00, 4.75 bs  - BLEMISHED)",,,,,,,1,,,,
"R14-896152-B (18x9 Booster Chrome 5x4.75, 5.25 bs - BLEMISHED)",,,,,,,7,,,,
"R14-896552-B (18x9 Booster Chrome 5x4.50, 5.25 bs - BLEMISHED)",,,,,,,3,,,,
"R14-897352-B (18x9 Booster Chrome 5x5.00, 5.25 bs - BLEMISHED)",,,,,,,2,,,,
"R15-2106155-B (20x10 Booster Hyper Silver 5x4.75, 5.50 bs - BLEMISHED)",,,,,,,0,,,,
"R15-2106555-B (20x10 Booster Hyper Silver 5x4.50, 5.50 bs  - BLEMISHED)",,,,,,,3,,,,
"R15-2107355-B (20x10 Booster Hyper Silver 5x5.00, 5.50 bs - BLEMISHED)",,,,,,,1,,,,
"R15-2856552-B (20x8.5 Booster Hyper Silver 5x4.50, 5.25 bs - BLEMISHED)",,,,,,,2,,,,
"R15-776142-B (17x7 Booster Hyper Silver 5x4.75, 4.25 bs - BLEMISHED)",,,,,,,2,,,,
"R15-776542-B (17x7 Booster Hyper Silver 5x4.50, 4.25 bs - BLEMISHED)",,,,,,,2,,,,
"R15-777342-B (17X7 Booster Hyper Silver 5x5.00, 4.25 bs  - BLEMISHED)",,,,,,,1,,,,
"R15-786545-B (17x8 Booster Hyper Silver 5x4.50, 4.50 bs - BLEMISHED)",,,,,,,2,,,,
"R15-787345-B (17x8 Booster Hyper Silver 5x5.00, 4.50 bs - BLEMISHED)",,,,,,,2,,,,
"R15-876545-B (18x7 Booster Hyper Silver 5x4.50, 4.50 bs - BLEMISHED)",,,,,,,8,,,,
"R15-886547-B (18x8 Booster Hyper Silver 5x4.50, 4.75 bs- BLEMISHED)",,,,,,,1,,,,
"R15-897352-B (18x9 Booster Hyper Silver 5x5.00, 5.25 bs - BLEMISHED)",,,,,,,1,,,,
"R16-2106155-B (20x10 Booster Hyper Shot 5x4.75, 5.50 bs - BLEMISHED)",,,,,,,3,,,,
"R16-2106555-B (20x10 Booster Hyper Shot 5x4.50, 5.50 bs - BLEMISHED)",,,,,,,1,,,,
"R16-2107355-B (20x10 Booster Hyper Shot 5x5.00, 5.50 bs - BLEMISHED)",,,,,,,1,,,,
"R16-2856552-B (20x8.5 Booster Hyper Shot 5x4.50, 5.25 bs - BLEMISHED)",,,,,,,5,,,,
"R16-2857352-B (20x8.5 Booster Hyper Shot 5x5.00, 5.25 bs  - BLEMISHED)",,,,,,,1,,,,
"R16-776542-B (17x7 Booster Hyper Shot 5x4.50, 4.25 bs - BLEMISHED)",,,,,,,1,,,,
"R16-777342-B (17X7 Booster Hyper Shot 5x5.00, 4.25 bs - BLEMISHED)",,,,,,,3,,,,
"R16-786145-B (17x8 Booster Hyper Shot 5x4.75, 4.50 bs - BLEMISHED)",,,,,,,1,,,,
"R16-786545-B (17x8 Booster Hyper Shot 5x4.50, 4.50 bs - BLEMISHED)",,,,,,,3,,,,
"R16-787345-B (17x8 Booster Hyper Shot 5x5.00, 4.50 bs - BLEMISHED)",,,,,,,1,,,,
"R16-876545-B (18x7 Booster Hyper Shot 5x4.50, 4.50 bs - BLEMISHED)",,,,,,,2,,,,
"R16-896552-B (18x9 Booster Hyper Shot 5x4.50, 5.25 bs - BLEMISHED)",,,,,,,1,,,,
"R16-897352-B (18x9 Booster Hyper Shot 5x5.00, 5.25 bs - BLEMISHED)",,,,,,,1,,,,
"R1 DEFECT (Booster:  Blemished, Mounted or Refinish Wheels) - Other",,,,,,,0,,,,
"Total R1 DEFECT (Booster:  Blemished, Mounted or Refinish Wheels)",,,,,,,99,,,,
"R2 DEFECT (Fuel:  Blemished, Mounted or Refinish Wheels)",,,,,,,,,,,
"R21-516140-B (15x10 Fuel Polished 5x4.75, 4.00 bs - BLEMISHED)",,,,,,,1,,,,
"R21-516540-B (15x10 Fuel Polished 5x4.50, 4.00 bs - BLEMISHED)",,,,,,,1,,,,
"R21-546115-B (15x4 Fuel Polished 5x4.75, 1.50 bs - BLEMISHED)",,,,,,,2,,,,
"R21-586545-B (15x8 Fuel Polished 5x4.50, 4.50 bs - BLEMISHED)",,,,,,,1,,,,
"R21-786545-B (17x8 Fuel Polished 5x4.50, 4.50 bs - BLEMISHED)",,,,,,,1,,,,
"R23-546115-B (15x4 Fuel Gray Painted 5x4.75, 1.50 bs - BLEMISHED)",,,,,,,1,,,,
"R23-546515-B (15x4 Fuel Gray Painted 5x4.50, 1.50 bs - BLEMISHED)",,,,,,,1,,,,
"R23-586137-B (15x8 Fuel Gray Painted 5x4.75, 3.75 bs - BLEMISHED)",,,,,,,1,,,,
"R23-586537-B (15x8 Fuel Gray Painted 5x4.50, 3.75 bs - BLEMISHED)",,,,,,,1,,,,
"R23-586545-B (15x8 Fuel Gray Painted 5x4.50, 4.50 bs - BLEMISHED)",,,,,,,3,,,,
"R23-776142-B (17x7 Fuel Gray Painted 5x4.75, 4.25 bs - BLEMISHED)",,,,,,,1,,,,
"R23-786545-B (17x8 Fuel Gray Painted 5x4.50, 4.50 bs - BLEMISHED)",,,,,,,3,,,,
"R24-516140-B (15x10 Fuel Chrome 5x4.75, 4.00 bs - BLEMISHED)",,,,,,,2,,,,
"R24-516540-B (15x10 Fuel Chrome 5x4.50, 4.00 bs - BLEMISHED)",,,,,,,7,,,,
"R24-546115-B (15x4 Fuel Chrome 5x4.75, 1.50 bs - BLEMISHED)",,,,,,,1,,,,
"R24-566135-B (15x6 Fuel Chrome 5x4.75, 3.50 bs - BLEMISHED)",,,,,,,1,,,,
"R24-566535-B (15x6 Fuel Chrome 5x4.50, 3.50 bs - BLEMISHED)",,,,,,,1,,,,
"R24-576142-B (15x7 Fuel Chrome 5x4.75, 4.25 bs - BLEMISHED)",,,,,,,1,,,,
"R24-576542-B (15x7 Fuel Chrome 5x4.50, 4.25 bs - BLEMISHED)",,,,,,,2,,,,
"R24-586537-B (15x8 Fuel Chrome 5x4.50, 3.75 bs - BLEMISHED)",,,,,,,5,,,,
"R24-776542-B (17x7 Fuel Chrome 5x4.50, 4.25 bs- BLEMISHED)",,,,,,,4,,,,
"R24-777342-B (17x7 Fuel Chrome 5x5.00, 4.25 bs - BLEMISHED)",,,,,,,2,,,,
"R2 DEFECT (Fuel:  Blemished, Mounted or Refinish Wheels) - Other",,,,,,,0,,,,
"Total R2 DEFECT (Fuel:  Blemished, Mounted or Refinish Wheels)",,,,,,,43,,,,
"R3 DEFECT (Igniter:  Blemished, Mounted or Refinish Wheels)",,,,,,,,,,,
"R30-576542-B (15x7 Igniter As Cast 5x4.50, 4.25 bs - BLEMISHED)",,,,,,,1,,,,
"R31-567335-B (15x6 Igniter Polished 5x5.00, 3.50 bs - BLEMISHED)",,,,,,,1,,,,
"R31-586137-B (15x8 Igniter Polished 5x4.75, 3.75 bs  - BLEMISHED)",,,,,,,2,,,,
"R31-686545-B (16x8 Igniter Polished 5x4.50, 4.50 bs - BLEMISHED)",,,,,,,2,,,,
"R33-566535-B (15x6 Igniter Gray Painted 5x4.50, 3.50 bs - BLEMISHED)",,,,,,,1,,,,
"R33-586537-B (15x8 Igniter Gray Painted 5x4.50, 3.75 bs - BLEMISHED)",,,,,,,1,,,,
"R33-587337-B (15x8 Igniter Gray Painted 5x5.00, 3.75 bs - BLEMISHED)",,,,,,,1,,,,
"R33-646120-B (16x4.5 Igniter Gray Painted 5x4.75, 2.00 bs - BLEMISHED)",,,,,,,1,,,,
"R33-646520-B (16x4.5 Igniter Gray Painted 5x4.50, 2.00 bs - BLEMISHED)",,,,,,,2,,,,
"R33-668535-B (16x6 Igniter Gray Painted 5x5.50, 3.50 bs - BLEMISHED)",,,,,,,2,,,,
"R33-686137-B (16x8 Igniter Gray Painted 5x4.75, 3.75 bs - BLEMISHED)",,,,,,,1,,,,
"R33-686145-B (16x8 Igniter Gray Painted 5x4.75, 4.50 bs - BLEMISHED)",,,,,,,1,,,,
"R33-686545-B (16x8 Igniter Gray Painted 5x4.50, 4.50 bs - BLEMISHED)",,,,,,,1,,,,
"R3 DEFECT (Igniter:  Blemished, Mounted or Refinish Wheels) - Other",,,,,,,0,,,,
"Total R3 DEFECT (Igniter:  Blemished, Mounted or Refinish Wheels)",,,,,,,17,,,,
"R4 DEFECT (Launcher:  Blemished, Mounted or Refinish Wheels)",,,,,,,,,,,
"R41-546122-B (15x4.5 Launcher Polished 5x4.75, 2.25 bs - BLEMISHED)",,,,,,,1,,,,
"R41-546522-B (15x4.5 Launcher Polished 5x4.50, 2.25 bs -  BLEMISHED)",,,,,,,0,,,,
"R43-546122-B (15x4.5 Launcher Gray Painted 5x4.75, 2.25 bs - BLEMISHED)",,,,,,,1,,,,
"R43-546522-B (15x4.5 Launcher Gray Painted 5x4.50, 2.25 bs - BLEMISHED)",,,,,,,1,,,,
"R4 DEFECT (Launcher:  Blemished, Mounted or Refinish Wheels) - Other",,,,,,,0,,,,
"Total R4 DEFECT (Launcher:  Blemished, Mounted or Refinish Wheels)",,,,,,,3,,,,
"R6 DEFECT (Injector:  Blemished, Mounted or Refinish Wheels)",,,,,,,,,,,
"R60-516137-B (15x10 Injector As Cast 5x4.75, 3.75 bs - BLEMISHED)",,,,,,,1,,,,
"R60-516537-B (15x10 Injector As Cast 5x4.50, 3.75 bs - BLEMISHED)",,,,,,,1,,,,
"R60-517337-B (15x10 Injector As Cast 5x5.00, 3.75 bs - BLEMISHED)",,,,,,,2,,,,
"R60-518537-B (15x10 Injector As Cast 5x5.50, 3.75 bs  - BLEMISHED)",,,,,,,1,,,,
"R60-546122-B (15x4.5 Injector As Cast 5x4.75, 2.25 bs - BLEMISHED)",,,,,,,1,,,,
"R60-586137-B (15x8 Injector As Cast 5x4.75, 3.75 bs - BLEMISHED)",,,,,,,1,,,,
"R60-586145-B (15x8 Injector As Cast 5x4.75, 4.50 bs - BLEMISHED)",,,,,,,2,,,,
"R60-586537-B (15x8 Injector As Cast 5x4.50, 3.75 bs - BLEMISHED)",,,,,,,2,,,,
"R60-587345-B (15x8 Injector As Cast 5x5.00, 4.50 bs - BLEMISHED)",,,,,,,1,,,,
"R61-516530-B (15x10 Injector Polished 5x4.50, 3.00 bs - BLEMISHED)",,,,,,,6,,,,
"R61-516537-B (15x10 Injector Polished 5x4.50, 3.75 bs - BLEMISHED)",,,,,,,1,,,,
"R61-517337-B (15x10 Injector Polished 5x5.00, 3.75 bs - BLEMISHED)",,,,,,,2,,,,
"R61-587345-B (15x8 Injector Polished 5x5.00, 4.50 bs - BLEMISHED)",,,,,,,1,,,,
"R61-588537-B (15x8 Injector Polished 5x5.50, 3.75 bs - BLEMISHED)",,,,,,,6,,,,
"R61-588545-B (15x8 Injector Polished 5x5.50, 4.50 bs - BLEMISHED)",,,,,,,4,,,,
"R6 DEFECT (Injector:  Blemished, Mounted or Refinish Wheels) - Other",,,,,,,0,,,,
"Total R6 DEFECT (Injector:  Blemished, Mounted or Refinish Wheels)",,,,,,,32,,,,
"R7 DEFECT (Strike:  Blemished, Mounted or Refinish Wheels)",,,,,,,,,,,
"R70-516140-B (15x10 Strike As Cast Center Machined Outer 5x4.75, 4.00 bs - BLEMIS...",,,,,,,1,,,,
"R70-517340-B (15x10 Strike As Cast Center Machined Outer 5x5.00, 4.00 bs - BLEMIS...",,,,,,,1,,,,
"R70-576542-B (15x7 Strike As Cast Center Machined Outer 5x4.50, 4.25 bs - BLEMISHED)",,,,,,,1,,,,
"R70-577342-B (15x7 Strike As Cast Center Machined Outer 5x5.00, 4.25 bs - BLEMISHED)",,,,,,,1,,,,
"R70-586145-B (15x8 Strike As Cast Center Machined Outer 5x4.75, 4.50 bs - BLEMISHED)",,,,,,,1,,,,
"R70-586540-B (15x8 Strike As Cast Center Machined Outer 5x4.50, 4.00 bs - BLEMISHED)",,,,,,,3,,,,
"R70-586545-B (15x8 Strike As Cast Center Machined Outer 5x4.50, 4.50 bs - BLEMISHED)",,,,,,,4,,,,
"R70-587340-B (15x8 Strike As Cast Center Machined Outer 5x5.00, 4.00 bs - BLEMISHED)",,,,,,,1,,,,
"R70-587345-B (15x8 Strike As Cast Center Machined Outer 5x5.00, 4.50 bs - BLEMISHED)",,,,,,,4,,,,
"R70-588540-B (15x8 Strike As Cast Center Machined Outer 5x5.50, 4.00 bs - BLEMISHED)",,,,,,,1,,,,
"R70-588545-B (15x8 Strike As Cast Center Machined Outer 5x5.50, 4.50 bs - BLEMISHED)",,,,,,,1,,,,
"R70-786145-B (17x8 Strike As Cast Center Machined Outer 5x4.75, 4.50 bs - BLEMISHED)",,,,,,,1,,,,
"R71-546117-B (15x4.5 Strike Polished 5x4.75, 1.75 bs - BLEMISHED)",,,,,,,1,,,,
"R71-577342-B (15x7 Strike Polished 5x5.00, 4.25 bs - BLEMISHED)",,,,,,,1,,,,
"R71-578542-B (15x7 Strike Polished 5x5.50, 4.25 bs - BLEMISHED)",,,,,,,1,,,,
"R71-586540-B (15x8 Strike Polished 5x4.50, 4.00 bs - BLEMISHED)",,,,,,,1,,,,
"R71-587345-B (15x8 Strike Polished 5x5.00, 4.50 bs - BLEMISHED)",,,,,,,3,,,,
"R71-588540-B (15x8 Strike Polished 5x5.50, 4.00 bs - BLEMISHED)",,,,,,,2,,,,
"R71-588545-B (15x8 Strike Polished 5x5.50, 4.50 bs - BLEMISHED)",,,,,,,1,,,,
"R7 DEFECT (Strike:  Blemished, Mounted or Refinish Wheels) - Other",,,,,,,0,,,,
"Total R7 DEFECT (Strike:  Blemished, Mounted or Refinish Wheels)",,,,,,,30,,,,
"R8 DEFECT (Solid:  Blemished, Mounted or Refinish Wheels)",,,,,,,,,,,
"R80-867323-B (18x6 Solid As Cast 5x5.00, 2.375 bs - BLEMISHED)",,,,,,,1,,,,
"R88-656518-B (16x5 Solid Full Machined 5x4.50, 1.875 bs - 3.08 cb - BLEMISHED)",,,,,,,0,,,,
"R8 DEFECT (Solid:  Blemished, Mounted or Refinish Wheels) - Other",,,,,,,0,,,,
"Total R8 DEFECT (Solid:  Blemished, Mounted or Refinish Wheels)",,,,,,,1,,,,
"R9 DEFECT (Fire:  Blemished, Mounted or Refinish Wheels)",,,,,,,,,,,
"R90-657323-B (16x5 Fire As Cast 5x5.00, 2.375 bs - BLEMISHED)",,,,,,,1,,,,
"R93-658523-B (16x5 Fire Gray Painted 5x5.50, 2.375 bs - BLEMISHED)",,,,,,,1,,,,
"R9 DEFECT (Fire:  Blemished, Mounted or Refinish Wheels) - Other",,,,,,,0,,,,
"Total R9 DEFECT (Fire:  Blemished, Mounted or Refinish Wheels)",,,,,,,2,,,,
RGA Memo (Return Authorization as follows:  Reason for return:),,,,,,,-5,,,,
"TTR1 DEFECT (Attack:  Blemished, Mounted or Refinish Wheels)",,,,,,,,,,,
TTR19-816155-B (18x10 Attack Titanium Accents / Machined Face & Outer / Clearcoat...,,,,,,,1,,,,
TTR19-816160-B (18x10 Attack Titanium Accents / Machined Face & Outer / Clearcoat...,,,,,,,1,,,,
"TTR1 DEFECT (Attack:  Blemished, Mounted or Refinish Wheels) - Other",,,,,,,0,,,,
"Total TTR1 DEFECT (Attack:  Blemished, Mounted or Refinish Wheels)",,,,,,,2,,,,
"RT-DEFECT WHEELS (DEFECTS:  BLEMISHED, MOUNTED OR REFINISH WHEELS) - Other",,,,,,,0,,,,
"Total RT-DEFECT WHEELS (DEFECTS:  BLEMISHED, MOUNTED OR REFINISH WHEELS)",,,,,,,232,,,,
RT-DISPLAY WHEELS & ACCESSORIES (DISPLAY WHEELS),,,,,,,,,,,
"LTR1 DISPLAY (Display Wheel -  Light Truck, Booster 6 LTR1x-  Size:)",,,,,,,1,,,,
MMR1 DISPLAY (Display Wheel -  MM Booster MMR1x-  Size:),,,,,,,0,,,,
R1 DISPLAY (Display Wheel -  Booster R1x-  Size:),,,,,,,0,,,,
R10 DISPLAY (Display Wheel -  Sunburst R10x-  Size:),,,,,,,0,,,,
R2 DISPLAY (Display Wheel -  Fuel R2x-  Size:),,,,,,,1,,,,
R3 DISPLAY (Display Wheel -  Igniter R3x-  Size:),,,,,,,0,,,,
R4 DISPLAY (Display Wheel -  Launcher R4x-  Size:),,,,,,,0,,,,
R6 DISPLAY (Display Wheel -  Injector R6x-  Size:),,,,,,,2,,,,
R7 DISPLAY (Display Wheel -  Strike R7x-  Size:),,,,,,,0,,,,
R8 DISPLAY (Display Wheel -  Solid R8x-  Size:),,,,,,,0,,,,
R9 DISPLAY (Display Wheel -  Fire R9x-  Size:),,,,,,,0,,,,
RAccess - DISPLAY (Rocket Display- Wheel Accessories:),,,,,,,0,,,,
"RS-x DISPLAY - Single Spinner (Rocket Display Single Spinner (sold as sets, purch...",,,,,,,16,,,,
RS-x DISPLAY SET (Rocket Display Spinner Set),,,,,,,0,,,,
TTR1 DISPLAY (Display Wheel -  T&T Attack TTR1x-  Size:),,,,,,,0,,,,
RT-DISPLAY WHEELS & ACCESSORIES (DISPLAY WHEELS) - Other,,,,,,,0,,,,
Total RT-DISPLAY WHEELS & ACCESSORIES (DISPLAY WHEELS),,,,,,,20,,,,
RT-GIVEAWAY/FEATURE WHEELS (GIVEAWAY AND/OR FEATURE WHEELS),,,,,,,,,,,
LTR1 GIVEAWAY (Giveaway/Feature Wheel - LTR Booster:),,,,,,,0,,,,
MMR1 GIVEAWAY (Giveaway/Feature Wheel - MM Booster:),,,,,,,0,,,,
R1 GIVEAWAY (Giveaway/Feature Wheel - Booster:),,,,,,,0,,,,
R10 GIVEAWAY (Giveaway/Feature Wheel - Sunburst:),,,,,,,0,,,,
R2 GIVEAWAY (Giveaway/Feature Wheel - Fuel:),,,,,,,0,,,,
R3 GIVEAWAY (Giveaway/Feature Wheel - Igniter:),,,,,,,0,,,,
R4 GIVEAWAY (Giveaway/Feature Wheel - Launcher:),,,,,,,0,,,,
R5 GIVEAWAY (Giveaway/Feature Wheel - Velocity:),,,,,,,0,,,,
R6 GIVEAWAY (Giveaway/Feature Wheel - Injector:),,,,,,,0,,,,
R7 GIVEAWAY (Giveaway/Feature Wheel - Strike:),,,,,,,0,,,,
R8 GIVEAWAY (Giveaway/Feature Wheel - Solid:),,,,,,,0,,,,
R9 GIVEAWAY (Giveaway/Feature Wheel - Fire:),,,,,,,0,,,,
RAccess- GIVEAWAY (Giveaway/Feature - Wheel Accessories:),,,,,,,0,,,,
RS-x GIVEAWAY (Giveaway/Feature Wheel - Rocket Spinner:),,,,,,,0,,,,
TTR1 GIVEAWAY (Giveaway/Feature Wheel - Track&Touring Rocket Attack:),,,,,,,0,,,,
RT-GIVEAWAY/FEATURE WHEELS (GIVEAWAY AND/OR FEATURE WHEELS) - Other,,,,,,,0,,,,
Total RT-GIVEAWAY/FEATURE WHEELS (GIVEAWAY AND/OR FEATURE WHEELS),,,,,,,0,,,,
RT-PROMO ITEMS ('Rocket Racing Wheels' Promo Items),,,,,,,,,,,
R99-0016B (3-Cube Wheel Display - Black  *Accommodates up to 20' wheels),,,,,,,4,,,,
RB3X6-2 ('Rocket Racing Wheels' Banner  - 3' H x 6' W - Booster Wheel 'Ride A Roc...,,,,,,,74,,,,
"RRH1-B-L/XL (Rocket Racing Wheels Logo Hat, Black, Flex-Fit, Large/X Large)",,,,,,,103,,,,
"RRH1-B-S/M (Rocket Racing Wheels Logo Hat, Black, Flex-Fit, Small/Medium)",,,,,,,127,,,,
RRW-1017.v2 (Rocket Racing Wheels Retail Catalog * Version 10/2017.v2 (Reprint w/...,,,,,,,25269,,,,
"RTS1-B-2XL (Rocket Racing Wheels Logo TShirt, Black, 2XL)",,,,,,,26,,,,
"RTS1-B-3XL (Rocket Racing Wheels Logo TShirt, Black, 3XL)",,,,,,,24,,,,
"RTS1-B-4XL (Rocket Racing Wheels Logo TShirt, Black, 4XL)",,,,,,,25,,,,
"RTS1-B-L (Rocket Racing Wheels Logo TShirt, Black, Large)",,,,,,,74,,,,
"RTS1-B-M (Rocket Racing Wheels Logo TShirt, Black, Medium)",,,,,,,7,,,,
"RTS1-B-S (Rocket Racing Wheels Logo TShirt, Black, Small)",,,,,,,42,,,,
"RTS1-B-XL (Rocket Racing Wheels Logo TShirt, Black, X-Large)",,,,,,,28,,,,
"RTS1-G-2XL (Rocket Racing Wheels Logo TShirt, Gray, 2XL)",,,,,,,32,,,,
"RTS1-G-3XL (Rocket Racing Wheels Logo TShirt, Gray, 3XL)",,,,,,,26,,,,
"RTS1-G-4XL (Rocket Racing Wheels Logo TShirt, Gray, 4XL)",,,,,,,9,,,,
"RTS1-G-L (Rocket Racing Wheels Logo TShirt, Gray, Large)",,,,,,,40,,,,
"RTS1-G-M (Rocket Racing Wheels Logo TShirt, Gray, Medium)",,,,,,,18,,,,
"RTS1-G-S (Rocket Racing Wheels Logo TShirt, Gray, Small)",,,,,,,37,,,,
"RTS1-G-XL (Rocket Racing Wheels Logo TShirt, Gray, X-Large)",,,,,,,39,,,,
"RTS1-W-2XL (Rocket Racing Wheels Logo TShirt, White, 2XL)",,,,,,,37,,,,
"RTS1-W-3XL (Rocket Racing Wheels Logo TShirt, White, 3XL)",,,,,,,35,,,,
"RTS1-W-4XL (Rocket Racing Wheels Logo TShirt, White, 4XL)",,,,,,,10,,,,
"RTS1-W-L (Rocket Racing Wheels Logo TShirt, White, Large)",,,,,,,24,,,,
"RTS1-W-M (Rocket Racing Wheels Logo TShirt, White, Medium)",,,,,,,25,,,,
"RTS1-W-S (Rocket Racing Wheels Logo TShirt, White, Small)",,,,,,,35,,,,
"RTS1-W-XL (Rocket Racing Wheels Logo TShirt, White, X-Large)",,,,,,,42,,,,
"RTS2-G-2XL (Rocket Racing Wheels Track TShirt, Gray, 2XL)",,,,,,,42,,,,
"RTS2-G-3XL (Rocket Racing Wheels Track TShirt, Gray, 3XL)",,,,,,,29,,,,
"RTS2-G-4XL (Rocket Racing Wheels Track TShirt, Gray, 4XL)",,,,,,,18,,,,
"RTS2-G-L (Rocket Racing Wheels Track TShirt, Gray, Large)",,,,,,,61,,,,
"RTS2-G-M (Rocket Racing Wheels Track TShirt, Gray, Medium)",,,,,,,36,,,,
"RTS2-G-S (Rocket Racing Wheels Track TShirt, Gray, Small)",,,,,,,15,,,,
"RTS2-G-XL (Rocket Racing Wheels Track TShirt, Gray, X-Large)",,,,,,,71,,,,
RT-PROMO ITEMS ('Rocket Racing Wheels' Promo Items) - Other,,,,,,,0,,,,
Total RT-PROMO ITEMS ('Rocket Racing Wheels' Promo Items),,,,,,,26484,,,,
"RT-SCRAP WHEELS (DEFECTS:  SCRAP WHEELS.  Wheels not useful for Display, Refinish...",,,,,,,,,,,
"LTR1 SCRAP (LTR1 SCRAP Wheel, Beyond Repair.  LT Booster:)",,,,,,,0,,,,
"MMR1 SCRAP (MMR1 SCRAP Wheel, Beyond Repair.  MM Booster:)",,,,,,,2,,,,
"R1 SCRAP (R1 SCRAP Wheel, Beyond Repair.  Booster:)",,,,,,,3,,,,
"R10 SCRAP (R10 SCRAP Wheel, Beyond Repair.  Sunburst:)",,,,,,,0,,,,
"R2 SCRAP (R2 SCRAP Wheel, Beyond Repair.  Fuel:)",,,,,,,1,,,,
"R3 SCRAP (R3 SCRAP Wheel, Beyond Repair.  Igniter:)",,,,,,,0,,,,
"R4 SCRAP (R4 SCRAP Wheel, Beyond Repair.  Launcher:)",,,,,,,0,,,,
"R5 SCRAP (R5 SCRAP Wheel, Beyond Repair.  Velocity:)",,,,,,,0,,,,
"R6 SCRAP (R6 SCRAP Wheel, Beyond Repair.  Injector:)",,,,,,,1,,,,
"R7 SCRAP (R7 SCRAP Wheel, Beyond Repair.  Strike:)",,,,,,,4,,,,
"R8 SCRAP (R8 SCRAP Wheel, Beyond Repair.  Solid:)",,,,,,,1,,,,
"R9 SCRAP (R9 SCRAP Wheel, Beyond Repair.  Fire:)",,,,,,,2,,,,
"RAccess- SCRAP (Defective Wheel Accessories returned (DO NOT enter # of items, ju...",,,,,,,4,,,,
"TTR1 SCRAP (TTR1 SCRAP Wheel, Beyond Repair.  Attack:)",,,,,,,2,,,,
"RT-SCRAP WHEELS (DEFECTS:  SCRAP WHEELS.  Wheels not useful for Display,...) - Other",,,,,,,0,,,,
"Total RT-SCRAP WHEELS (DEFECTS:  SCRAP WHEELS.  Wheels not useful for Display, Refinish...",,,,,,,20,,,,
TTR16 (TTR16 - Attack Hyper Shot / Machined Outer / Clearcoated),,,,,,,,,,,
"TTR16-2126155 (20x12 Attack Hyper Shot / Machined Outer / Clearcoated 5x4.75, 5.5...",,,,,,,32,,,,
"TTR16-2126160 (20x12 Attack Hyper Shot / Machined Outer / Clearcoated 5x4.75, 6.0...",,,,,,,,,,,
"TTR16-2126160-PC (20x12 Attack Hyper Shot / Machined Outer / Clearcoated 5x4.75, ...",,,,,,,2,,,,
TTR16-2126160 (20x12 Attack Hyper Shot / Machined Outer / Clearcoated 5x...) - Other,,,,,,,27,,,,
"Total TTR16-2126160 (20x12 Attack Hyper Shot / Machined Outer / Clearcoated 5x4.75, 6.0...",,,,,,,29,,,,
"TTR16-2126555 (20x12 Attack Hyper Shot / Machined Outer / Clearcoated 5x4.50, 5.5...",,,,,,,,,,,
"TTR16-2126555-PC (20x12 Attack Hyper Shot / Machined Outer / Clearcoated 5x4.50, ...",,,,,,,4,,,,
TTR16-2126555 (20x12 Attack Hyper Shot / Machined Outer / Clearcoated 5x...) - Other,,,,,,,24,,,,
"Total TTR16-2126555 (20x12 Attack Hyper Shot / Machined Outer / Clearcoated 5x4.50, 5.5...",,,,,,,28,,,,
"TTR16-2126560 (20x12 Attack Hyper Shot / Machined Outer / Clearcoated 5x4.50, 6.0...",,,,,,,,,,,
"TTR16-2126560-PC (20x12 Attack Hyper Shot / Machined Outer / Clearcoated 5x4.50, ...",,,,,,,1,,,,
TTR16-2126560 (20x12 Attack Hyper Shot / Machined Outer / Clearcoated 5x...) - Other,,,,,,,37,,,,
"Total TTR16-2126560 (20x12 Attack Hyper Shot / Machined Outer / Clearcoated 5x4.50, 6.0...",,,,,,,38,,,,
"TTR16-216145 (20x10 Attack Hyper Shot / Machined Outer / Clearcoated 5x4.75, 4.50...",,,,,,,8,,,,
"TTR16-216150 (20x10 Attack Hyper Shot / Machined Outer / Clearcoated 5x4.75, 5.00...",,,,,,,11,,,,
"TTR16-216155 (20x10 Attack Hyper Shot / Machined Outer / Clearcoated 5x4.75, 5.50...",,,,,,,8,,,,
"TTR16-216160 (20x10 Attack Hyper Shot / Machined Outer / Clearcoated 5x4.75, 6.00...",,,,,,,13,,,,
"TTR16-216545 (20x10 Attack Hyper Shot / Machined Outer / Clearcoated 5x4.50, 4.50...",,,,,,,8,,,,
"TTR16-216550 (20x10 Attack Hyper Shot / Machined Outer / Clearcoated 5x4.50, 5.00...",,,,,,,11,,,,
"TTR16-216555 (20x10 Attack Hyper Shot / Machined Outer / Clearcoated 5x4.50, 5.50...",,,,,,,24,,,,
"TTR16-216560 (20x10 Attack Hyper Shot / Machined Outer / Clearcoated 5x4.50, 6.00...",,,,,,,16,,,,
"TTR16-217345 (20x10 Attack Hyper Shot / Machined Outer / Clearcoated 5x5.00, 4.50...",,,,,,,8,,,,
"TTR16-217350 (20x10 Attack Hyper Shot / Machined Outer / Clearcoated 5x5.00, 5.00...",,,,,,,6,,,,
"TTR16-217355 (20x10 Attack Hyper Shot / Machined Outer / Clearcoated 5x5.00, 5.50...",,,,,,,1,,,,
"TTR16-217360 (20x10 Attack Hyper Shot / Machined Outer / Clearcoated 5x5.00, 6.00...",,,,,,,14,,,,
"TTR16-2856145 (20x8.5 Attack Hyper Shot / Machined Outer / Clearcoated 5x4.75, 4....",,,,,,,14,,,,
"TTR16-2856150 (20x8.5 Attack Hyper Shot / Machined Outer / Clearcoated 5x4.75, 5....",,,,,,,15,,,,
"TTR16-2856155 (20x8.5 Attack Hyper Shot / Machined Outer / Clearcoated 5x4.75, 5....",,,,,,,15,,,,
"TTR16-2856160 (20x8.5 Attack Hyper Shot / Machined Outer / Clearcoated 5x4.75, 6....",,,,,,,12,,,,
"TTR16-2856545 (20x8.5 Attack Hyper Shot / Machined Outer / Clearcoated 5x4.50, 4....",,,,,,,9,,,,
"TTR16-2856550 (20x8.5 Attack Hyper Shot / Machined Outer / Clearcoated 5x4.50, 5....",,,,,,,9,,,,
"TTR16-2856555 (20x8.5 Attack Hyper Shot / Machined Outer / Clearcoated 5x4.50, 5....",,,,,,,17,,,,
"TTR16-2856560 (20x8.5 Attack Hyper Shot / Machined Outer / Clearcoated 5x4.50, 6....",,,,,,,16,,,,
"TTR16-2857345 (20x8.5 Attack Hyper Shot / Machined Outer / Clearcoated 5x5.00, 4....",,,,,,,9,,,,
"TTR16-2857350 (20x8.5 Attack Hyper Shot / Machined Outer / Clearcoated 5x5.00, 5....",,,,,,,15,,,,
"TTR16-2857355 (20x8.5 Attack Hyper Shot / Machined Outer / Clearcoated 5x5.00, 5....",,,,,,,13,,,,
"TTR16-2857360 (20x8.5 Attack Hyper Shot / Machined Outer / Clearcoated 5x5.00, 6....",,,,,,,17,,,,
"TTR16-8116150 (18x11 Attack Hyper Shot / Machined Outer / Clearcoated 5x.4.75, 5....",,,,,,,15,,,,
"TTR16-8116160 (18x11 Attack Hyper Shot / Machined Outer / Clearcoated 5x.4.75, 6....",,,,,,,30,,,,
"TTR16-8116165 (18x11 Attack Hyper Shot / Machined Outer / Clearcoated 5x.4.75, 6....",,,,,,,18,,,,
"TTR16-8116170 (18x11 Attack Hyper Shot / Machined Outer / Clearcoated 5x.4.75, 7....",,,,,,,30,,,,
"TTR16-8116550 (18x11 Attack Hyper Shot / Machined Outer / Clearcoated 5x.4.50, 5....",,,,,,,30,,,,
"TTR16-8116560 (18x11 Attack Hyper Shot / Machined Outer / Clearcoated 5x.4.50, 6....",,,,,,,35,,,,
"TTR16-8116565 (18x11 Attack Hyper Shot / Machined Outer / Clearcoated 5x.4.50, 6....",,,,,,,36,,,,
"TTR16-8116570 (18x11 Attack Hyper Shot / Machined Outer / Clearcoated 5x.4.50, 7....",,,,,,,34,,,,
"TTR16-8117350 (18x11 Attack Hyper Shot / Machined Outer / Clearcoated 5x.5.00, 5....",,,,,,,32,,,,
"TTR16-8117360 (18x11 Attack Hyper Shot / Machined Outer / Clearcoated 5x5.00, 6.0...",,,,,,,36,,,,
"TTR16-816145 (18x10 Attack Hyper Shot / Machined Outer / Clearcoated 5x.4.75, 4.5...",,,,,,,15,,,,
"TTR16-816150 (18x10 Attack Hyper Shot / Machined Outer / Clearcoated 5x.4.75, 5.0...",,,,,,,33,,,,
"TTR16-816155 (18x10 Attack Hyper Shot / Machined Outer / Clearcoated 5x.4.75, 5.5...",,,,,,,22,,,,
"TTR16-816160 (18x10 Attack Hyper Shot / Machined Outer / Clearcoated 5x.4.75, 6.0...",,,,,,,15,,,,
"TTR16-816545 (18x10 Attack Hyper Shot / Machined Outer / Clearcoated 5x.4.50, 4.5...",,,,,,,13,,,,
"TTR16-816550 (18x10 Attack Hyper Shot / Machined Outer / Clearcoated 5x.4.50, 5.0...",,,,,,,10,,,,
"TTR16-816555 (18x10 Attack Hyper Shot / Machined Outer / Clearcoated 5x.4.50, 5.5...",,,,,,,11,,,,
"TTR16-816560 (18x10 Attack Hyper Shot / Machined Outer / Clearcoated 5x.4.50, 6.0...",,,,,,,13,,,,
"TTR16-817350 (18x10 Attack Hyper Shot / Machined Outer / Clearcoated 5x5.00, 5.00...",,,,,,,6,,,,
"TTR16-817355 (18x10 Attack Hyper Shot / Machined Outer / Clearcoated 5x5.00, 5.50...",,,,,,,9,,,,
"TTR16-826155 (18x12 Attack Hyper Shot / Machined Outer / Clearcoated 5x.4.75, 5.5...",,,,,,,,,,,
"TTR16-826155-PC (18x12 Attack Hyper Shot / Machined Outer / Clearcoated 5x.4.75, ...",,,,,,,1,,,,
TTR16-826155 (18x12 Attack Hyper Shot / Machined Outer / Clearcoated 5x....) - Other,,,,,,,16,,,,
"Total TTR16-826155 (18x12 Attack Hyper Shot / Machined Outer / Clearcoated 5x.4.75, 5.5...",,,,,,,17,,,,
"TTR16-826160 (18x12 Attack Hyper Shot / Machined Outer / Clearcoated 5x.4.75, 6.0...",,,,,,,22,,,,
"TTR16-826555 (18x12 Attack Hyper Shot / Machined Outer / Clearcoated 5x.4.50, 5.5...",,,,,,,46,,,,
"TTR16-826560 (18x12 Attack Hyper Shot / Machined Outer / Clearcoated 5x.4.50, 6.0...",,,,,,,43,,,,
"TTR16-827355 (18x12 Attack Hyper Shot / Machined Outer / Clearcoated 5x.5.00, 5.5...",,,,,,,12,,,,
"TTR16-827360 (18x12 Attack Hyper Shot / Machined Outer / Clearcoated 5x.5.00, 6.0...",,,,,,,15,,,,
"TTR16-876140 (18x7 Attack Hyper Shot / Machined Outer / Clearcoated 5x4.75, 4.00 ...",,,,,,,,,,,
"TTR16-876140-PC (18x7 Attack Hyper Shot / Machined Outer / Clearcoated 5x4.75, 4....",,,,,,,1,,,,
TTR16-876140 (18x7 Attack Hyper Shot / Machined Outer / Clearcoated 5x4....) - Other,,,,,,,51,,,,
"Total TTR16-876140 (18x7 Attack Hyper Shot / Machined Outer / Clearcoated 5x4.75, 4.00 ...",,,,,,,52,,,,
"TTR16-876145 (18x7 Attack Hyper Shot / Machined Outer / Clearcoated 5x4.75, 4.50 ...",,,,,,,,,,,
"TTR16-876145-PC (18x7 Attack Hyper Shot / Machined Outer / Clearcoated 5x4.75, 4....",,,,,,,1,,,,
TTR16-876145 (18x7 Attack Hyper Shot / Machined Outer / Clearcoated 5x4....) - Other,,,,,,,40,,,,
"Total TTR16-876145 (18x7 Attack Hyper Shot / Machined Outer / Clearcoated 5x4.75, 4.50 ...",,,,,,,41,,,,
"TTR16-876540 (18x7 Attack Hyper Shot / Machined Outer / Clearcoated 5x4.50, 4.00 ...",,,,,,,,,,,
"TTR16-876540-PC (18x7 Attack Hyper Shot / Machined Outer / Clearcoated 5x4.50, 4....",,,,,,,1,,,,
TTR16-876540 (18x7 Attack Hyper Shot / Machined Outer / Clearcoated 5x4....) - Other,,,,,,,14,,,,
"Total TTR16-876540 (18x7 Attack Hyper Shot / Machined Outer / Clearcoated 5x4.50, 4.00 ...",,,,,,,15,,,,
"TTR16-876545 (18x7 Attack Hyper Shot / Machined Outer / Clearcoated 5x4.50, 4.50 ...",,,,,,,37,,,,
"TTR16-877340 (18x7 Attack Hyper Shot / Machined Outer / Clearcoated 5x5.00, 4.00 ...",,,,,,,16,,,,
"TTR16-886145 (18x8 Attack Hyper Shot / Machined Outer / Clearcoated 5x4.75, 4.50 ...",,,,,,,19,,,,
"TTR16-886150 (18x8 Attack Hyper Shot / Machined Outer / Clearcoated  5x4.75, 5.00...",,,,,,,35,,,,
"TTR16-886155 (18x8 Attack Hyper Shot / Machined Outer / Clearcoated 5x4.75, 5.50 ...",,,,,,,28,,,,
"TTR16-886545 (18x8 Attack Hyper Shot / Machined Outer / Clearcoated  5x4.50, 4.50...",,,,,,,,,,,
"TTR16-886545-PC (18x8 Attack Hyper Shot / Machined Outer / Clearcoated  5x4.50, 4...",,,,,,,1,,,,
TTR16-886545 (18x8 Attack Hyper Shot / Machined Outer / Clearcoated  5x4...) - Other,,,,,,,31,,,,
"Total TTR16-886545 (18x8 Attack Hyper Shot / Machined Outer / Clearcoated  5x4.50, 4.50...",,,,,,,32,,,,
"TTR16-886550 (18x8 Attack Hyper Shot / Machined Outer / Clearcoated 5x4.50, 5.00 ...",,,,,,,35,,,,
"TTR16-886555 (18x8 Attack Hyper Shot / Machined Outer / Clearcoated 5x4.50, 5.50 ...",,,,,,,9,,,,
"TTR16-887345 (18x8 Attack Hyper Shot / Machined Outer / Clearcoated  5x5.00, 4.50...",,,,,,,8,,,,
"TTR16-887350 (18x8 Attack Hyper Shot / Machined Outer / Clearcoated 5x5.00, 5.00 ...",,,,,,,16,,,,
"TTR16-887355 (18x8 Attack Hyper Shot / Machined Outer / Clearcoated 5x5.00, 5.50 ...",,,,,,,12,,,,
"TTR16-896145 (18x9 Attack Hyper Shot / Machined Outer / Clearcoated 5x4.75, 4.50 ...",,,,,,,,,,,
"TTR16-896145-PC (18x9 Attack Hyper Shot / Machined Outer / Clearcoated 5x4.75, 4....",,,,,,,1,,,,
TTR16-896145 (18x9 Attack Hyper Shot / Machined Outer / Clearcoated 5x4....) - Other,,,,,,,9,,,,
"Total TTR16-896145 (18x9 Attack Hyper Shot / Machined Outer / Clearcoated 5x4.75, 4.50 ...",,,,,,,10,,,,
"TTR16-896150 (18x9 Attack Hyper Shot / Machined Outer / Clearcoated 5x4.75, 5.00 ...",,,,,,,20,,,,
"TTR16-896155 (18x9 Attack Hyper Shot / Machined Outer / Clearcoated 5x4.75, 5.50 ...",,,,,,,15,,,,
"TTR16-896160 (18x9 Attack Hyper Shot / Machined Outer / Clearcoated 5x4.75, 6.00 ...",,,,,,,,,,,
"TTR16-896160-PC (18x9 Attack Hyper Shot / Machined Outer / Clearcoated 5x4.75, 6....",,,,,,,2,,,,
TTR16-896160 (18x9 Attack Hyper Shot / Machined Outer / Clearcoated 5x4....) - Other,,,,,,,43,,,,
"Total TTR16-896160 (18x9 Attack Hyper Shot / Machined Outer / Clearcoated 5x4.75, 6.00 ...",,,,,,,45,,,,
"TTR16-896545 (18x9 Attack Hyper Shot / Machined Outer / Clearcoated 5x4.50, 4.50 ...",,,,,,,6,,,,
"TTR16-896550 (18x9 Attack Hyper Shot / Machined Outer / Clearcoated 5x4.50, 5.00 ...",,,,,,,11,,,,
"TTR16-896555 (18x9 Attack Hyper Shot / Machined Outer / Clearcoated 5x4.50, 5.50 ...",,,,,,,50,,,,
"TTR16-897345 (18x9 Attack Hyper Shot / Machined Outer / Clearcoated 5x5.00, 4.50 ...",,,,,,,9,,,,
"TTR16-897350 (18x9 Attack Hyper Shot / Machined Outer / Clearcoated 5x5.00, 5.00 ...",,,,,,,32,,,,
TTR16 (TTR16 - Attack Hyper Shot / Machined Outer / Clearcoated) - Other,,,,,,,0,,,,
Total TTR16 (TTR16 - Attack Hyper Shot / Machined Outer / Clearcoated),,,,,,,1567,,,,
TTR19 (TTR19 - Attack Titanium Accents / Machined Face & Outer / Clearcoated),,,,,,,,,,,
TTR19-2126155 (20x12 Attack Titanium Accents / Machined Face & Outer / Clearcoate...,,,,,,,,,,,
TTR19-2126155-PC (20x12 Attack Titanium Accents / Machined Face & Outer / Clearco...,,,,,,,2,,,,
TTR19-2126155 (20x12 Attack Titanium Accents / Machined Face & Outer / C...) - Other,,,,,,,23,,,,
Total TTR19-2126155 (20x12 Attack Titanium Accents / Machined Face & Outer / Clearcoate...,,,,,,,25,,,,
TTR19-2126160 (20x12 Attack Titanium Accents / Machined Face & Outer / Clearcoate...,,,,,,,35,,,,
TTR19-2126555 (20x12 Attack Titanium Accents / Machined Face & Outer / Clearcoate...,,,,,,,34,,,,
TTR19-2126560 (20x12 Attack Titanium Accents / Machined Face & Outer / Clearcoate...,,,,,,,34,,,,
TTR19-216145 (20x10 Attack Titanium Accents / Machined Face & Outer / Clearcoated...,,,,,,,10,,,,
TTR19-216150 (20x10 Attack Titanium Accents / Machined Face & Outer / Clearcoated...,,,,,,,11,,,,
TTR19-216155 (20x10 Attack Titanium Accents / Machined Face & Outer / Clearcoated...,,,,,,,15,,,,
TTR19-216160 (20x10 Attack Titanium Accents / Machined Face & Outer / Clearcoated...,,,,,,,7,,,,
TTR19-216545 (20x10 Attack Titanium Accents / Machined Face & Outer / Clearcoated...,,,,,,,15,,,,
TTR19-216550 (20x10 Attack Titanium Accents / Machined Face & Outer / Clearcoated...,,,,,,,12,,,,
TTR19-216555 (20x10 Attack Titanium Accents / Machined Face & Outer / Clearcoated...,,,,,,,16,,,,
TTR19-216560 (20x10 Attack Titanium Accents / Machined Face & Outer / Clearcoated...,,,,,,,7,,,,
TTR19-217345 (20x10 Attack Titanium Accents / Machined Face & Outer / Clearcoated...,,,,,,,8,,,,
TTR19-217350 (20x10 Attack Titanium Accents / Machined Face & Outer / Clearcoated...,,,,,,,5,,,,
TTR19-217355 (20x10 Attack Titanium Accents / Machined Face & Outer / Clearcoated...,,,,,,,14,,,,
TTR19-217360 (20x10 Attack Titanium Accents / Machined Face & Outer / Clearcoated...,,,,,,,12,,,,
TTR19-2856145 (20x8.5 Attack Titanium Accents / Machined Face & Outer / Clearcoat...,,,,,,,13,,,,
TTR19-2856150 (20x8.5 Attack Titanium Accents / Machined Face & Outer / Clearcoat...,,,,,,,12,,,,
TTR19-2856155 (20x8.5 Attack Titanium Accents / Machined Face & Outer / Clearcoat...,,,,,,,14,,,,
TTR19-2856160 (20x8.5 Attack Titanium Accents / Machined Face & Outer / Clearcoat...,,,,,,,17,,,,
TTR19-2856545 (20x8.5 Attack Titanium Accents / Machined Face & Outer / Clearcoat...,,,,,,,18,,,,
TTR19-2856550 (20x8.5 Attack Titanium Accents / Machined Face & Outer / Clearcoat...,,,,,,,12,,,,
TTR19-2856555 (20x8.5 Attack Titanium Accents / Machined Face & Outer / Clearcoat...,,,,,,,14,,,,
TTR19-2856560 (20x8.5 Attack Titanium Accents / Machined Face & Outer / Clearcoat...,,,,,,,15,,,,
TTR19-2857345 (20x8.5 Attack Titanium Accents / Machined Face & Outer / Clearcoat...,,,,,,,13,,,,
TTR19-2857350 (20x8.5 Attack Titanium Accents / Machined Face & Outer / Clearcoat...,,,,,,,10,,,,
TTR19-2857355 (20x8.5 Attack Titanium Accents / Machined Face & Outer / Clearcoat...,,,,,,,12,,,,
TTR19-2857360 (20x8.5 Attack Titanium Accents / Machined Face & Outer / Clearcoat...,,,,,,,13,,,,
TTR19-8116150 (18x11 Attack Titanium Accents / Machined Face & Outer / Clearcoate...,,,,,,,19,,,,
TTR19-8116160 (18x11 Attack Titanium Accents / Machined Face & Outer / Clearcoate...,,,,,,,25,,,,
TTR19-8116165 (18x11 Attack Titanium Accents / Machined Face & Outer / Clearcoate...,,,,,,,34,,,,
TTR19-8116170 (18x11 Attack Titanium Accents / Machined Face & Outer / Clearcoate...,,,,,,,30,,,,
TTR19-8116550 (18x11 Attack Titanium Accents / Machined Face & Outer / Clearcoate...,,,,,,,29,,,,
TTR19-8116560 (18x11 Attack Titanium Accents / Machined Face & Outer / Clearcoate...,,,,,,,34,,,,
TTR19-8116565 (18x11 Attack Titanium Accents / Machined Face & Outer / Clearcoate...,,,,,,,36,,,,
TTR19-8116570 (18x11 Attack Titanium Accents / Machined Face & Outer / Clearcoate...,,,,,,,34,,,,
TTR19-8117350 (18x11 Attack Titanium Accents / Machined Face & Outer / Clearcoate...,,,,,,,22,,,,
TTR19-8117360 (18x11 Attack Titanium Accents / Machined Face & Outer / Clearcoate...,,,,,,,36,,,,
TTR19-816145 (18x10 Attack Titanium Accents / Machined Face & Outer / Clearcoated...,,,,,,,11,,,,
TTR19-816150 (18x10 Attack Titanium Accents / Machined Face & Outer / Clearcoated...,,,,,,,58,,,,
TTR19-816155 (18x10 Attack Titanium Accents / Machined Face & Outer / Clearcoated...,,,,,,,21,,,,
TTR19-816160 (18x10 Attack Titanium Accents / Machined Face & Outer / Clearcoated...,,,,,,,,,,,
TTR19-816160-PC (18x10 Attack Titanium Accents / Machined Face & Outer / Clearcoa...,,,,,,,1,,,,
TTR19-816160 (18x10 Attack Titanium Accents / Machined Face & Outer / Cl...) - Other,,,,,,,43,,,,
Total TTR19-816160 (18x10 Attack Titanium Accents / Machined Face & Outer / Clearcoated...,,,,,,,44,,,,
TTR19-816545 (18x10 Attack Titanium Accents / Machined Face & Outer / Clearcoated...,,,,,,,15,,,,
TTR19-816550 (18x10 Attack Titanium Accents / Machined Face & Outer / Clearcoated...,,,,,,,19,,,,
TTR19-816555 (18x10 Attack Titanium Accents / Machined Face & Outer / Clearcoated...,,,,,,,24,,,,
TTR19-816560 (18x10 Attack Titanium Accents / Machined Face & Outer / Clearcoated...,,,,,,,9,,,,
TTR19-817350 (18x10 Attack Titanium Accents / Machined Face & Outer / Clearcoated...,,,,,,,12,,,,
TTR19-817355 (18x10 Attack Titanium Accents / Machined Face & Outer / Clearcoated...,,,,,,,10,,,,
TTR19-826155 (18x12 Attack Titanium Accents / Machined Face & Outer / Clearcoated...,,,,,,,18,,,,
TTR19-826160 (18x12 Attack Titanium Accents / Machined Face & Outer / Clearcoated...,,,,,,,32,,,,
TTR19-826555 (18x12 Attack Titanium Accents / Machined Face & Outer / Clearcoated...,,,,,,,36,,,,
TTR19-826560 (18x12 Attack Titanium Accents / Machined Face & Outer / Clearcoated...,,,,,,,44,,,,
TTR19-827355 (18x12 Attack Titanium Accents / Machined Face & Outer / Clearcoated...,,,,,,,3,,,,
TTR19-827360 (18x12 Attack Titanium Accents / Machined Face & Outer / Clearcoated...,,,,,,,10,,,,
TTR19-876140 (18x7 Attack Titanium Accents / Machined Face & Outer / Clearcoated ...,,,,,,,40,,,,
TTR19-876145 (18x7 Attack Titanium Accents / Machined Face & Outer / Clearcoated ...,,,,,,,,,,,
TTR19-876145-PC (18x7 Attack Titanium Accents / Machined Face & Outer / Clearcoat...,,,,,,,1,,,,
TTR19-876145 (18x7 Attack Titanium Accents / Machined Face & Outer / Cle...) - Other,,,,,,,50,,,,
Total TTR19-876145 (18x7 Attack Titanium Accents / Machined Face & Outer / Clearcoated ...,,,,,,,51,,,,
TTR19-876540 (18x7 Attack Titanium Accents / Machined Face & Outer / Clearcoated ...,,,,,,,45,,,,
TTR19-876545 (18x7 Attack Titanium Accents / Machined Face & Outer / Clearcoated ...,,,,,,,48,,,,
TTR19-877340 (18x7 Attack Titanium Accents / Machined Face & Outer / Clearcoated ...,,,,,,,18,,,,
TTR19-886145 (18x8 Attack Titanium Accents / Machined Face & Outer / Clearcoated ...,,,,,,,,,,,
TTR19-886145-PC (18x8 Attack Titanium Accents / Machined Face & Outer / Clearcoat...,,,,,,,2,,,,
TTR19-886145 (18x8 Attack Titanium Accents / Machined Face & Outer / Cle...) - Other,,,,,,,44,,,,
Total TTR19-886145 (18x8 Attack Titanium Accents / Machined Face & Outer / Clearcoated ...,,,,,,,46,,,,
TTR19-886150 (18x8 Attack Titanium Accents / Machined Face & Outer / Clearcoated ...,,,,,,,,,,,
TTR19-886150-PC (18x8 Attack Titanium Accents / Machined Face & Outer / Clearcoat...,,,,,,,1,,,,
TTR19-886150 (18x8 Attack Titanium Accents / Machined Face & Outer / Cle...) - Other,,,,,,,0,,,,
Total TTR19-886150 (18x8 Attack Titanium Accents / Machined Face & Outer / Clearcoated ...,,,,,,,1,,,,
TTR19-886155 (18x8 Attack Titanium Accents / Machined Face & Outer / Clearcoated ...,,,,,,,35,,,,
TTR19-886545 (18x8 Attack Titanium Accents / Machined Face & Outer / Clearcoated ...,,,,,,,38,,,,
TTR19-886550 (18x8 Attack Titanium Accents / Machined Face & Outer / Clearcoated ...,,,,,,,12,,,,
TTR19-886555 (18x8 Attack Titanium Accents / Machined Face & Outer / Clearcoated ...,,,,,,,31,,,,
TTR19-887345 (18x8 Attack Titanium Accents / Machined Face & Outer / Clearcoated ...,,,,,,,28,,,,
TTR19-887350 (18x8 Attack Titanium Accents / Machined Face & Outer / Clearcoated ...,,,,,,,2,,,,
TTR19-887355 (18x8 Attack Titanium Accents / Machined Face & Outer / Clearcoated ...,,,,,,,13,,,,
TTR19-896145 (18x9 Attack Titanium Accents / Machined Face & Outer / Clearcoated ...,,,,,,,8,,,,
TTR19-896150 (18x9 Attack Titanium Accents / Machined Face & Outer / Clearcoated ...,,,,,,,32,,,,
TTR19-896155 (18x9 Attack Titanium Accents / Machined Face & Outer / Clearcoated ...,,,,,,,,,,,
TTR19-896155-PC (18x9 Attack Titanium Accents / Machined Face & Outer / Clearcoat...,,,,,,,1,,,,
TTR19-896155 (18x9 Attack Titanium Accents / Machined Face & Outer / Cle...) - Other,,,,,,,31,,,,
Total TTR19-896155 (18x9 Attack Titanium Accents / Machined Face & Outer / Clearcoated ...,,,,,,,32,,,,
TTR19-896160 (18x9 Attack Titanium Accents / Machined Face & Outer / Clearcoated ...,,,,,,,35,,,,
TTR19-896545 (18x9 Attack Titanium Accents / Machined Face & Outer / Clearcoated ...,,,,,,,8,,,,
TTR19-896550 (18x9 Attack Titanium Accents / Machined Face & Outer / Clearcoated ...,,,,,,,22,,,,
TTR19-896555 (18x9 Attack Titanium Accents / Machined Face & Outer / Clearcoated ...,,,,,,,33,,,,
TTR19-897345 (18x9 Attack Titanium Accents / Machined Face & Outer / Clearcoated ...,,,,,,,6,,,,
TTR19-897350 (18x9 Attack Titanium Accents / Machined Face & Outer / Clearcoated ...,,,,,,,34,,,,
TTR19 (TTR19 - Attack Titanium Accents / Machined Face & Outer / Clearco...) - Other,,,,,,,0,,,,
Total TTR19 (TTR19 - Attack Titanium Accents / Machined Face & Outer / Clearcoated),,,,,,,1706,,,,
